fecha	promedio_acad	numero_nofav	horas_dormir	redes_sociales	relevencia_matem	fecha_nac	asignaturas	num_semestre	trabaja	asignatura_prefer	asignatura_dific	editar_carrera	aplicacion_ia	tiene_pc	beca	edad
2024/02/08 9:16:49 p. m. GMT-5	4.2	3	7	3	9	2004-01-22	8	5	No	Estadística	Álgebra lineal	En mi carrera profesional agregaría unas asignaturas más que tengan que ver con programación y sus fundamentos	La IA es muy útil en mi carrera profesional, pero siento que estamos siendo muy dependientes a ella y eso puede ser peligroso ya que nos quita o nos aleja un poco de nuestra capacidad de razonar y resolver problemas	Sí	Sí	20.08481532147743
2024/02/08 9:33:45 p. m. GMT-5	3.5	6	6	5	10	2003-08-24	7	5	No	Topografía	Cálculo diferencial	Yo hasta el momento lo único que agregaría es que el enfoque y la importancia en cuanto a lo que pecuario sea mayor.	Creo que es muy útil el uso de la inteligencia artificial en mi ejercicio profesional ya que la inteligencia artificial tiene amplias posibilidades de optimizar los procesos de producción y de negocios.	No	No	20.49794801641587
2024/02/09 11:32:54 a. m. GMT-5	3.87	9	7	3	8	1999-06-23	7	5	No	Humanística	Cálculos	Creo que el currículo de la carrera esta muy completo.	Pienso que ha sido una herramienta que facilita la realización de muchos trabajos, que debe ser usada de  manera correcta y responsable.	Sí	Sí	24.66484268125855
2024/02/09 12:46:16 p. m. GMT-5	3.4	2	5	2	7	1995-10-14	8	5	No	Humanidades	Cálculo diferencial	los elementos que le agregaria seria que fuera mas practica, mas de  ejercer	pues personalmente yo no estoy de acuerdo con la inteligenciaartificial ya que yo considero que asi como ha logrado ayudar tambien es un riesgo y ha puesto que muchos nos olvidemos de lo esencial, de investigar , analizar	Sí	No	28.352941176470587
2024/02/09 2:27:05 p. m. GMT-5	3.78	6	10	3	10	2000-07-06	7	4	Sí	Bioquímica	Cálculos	Mas prácticas pecuaria y que se enfocará por igual tanto en lo pecuaria como en lo agrícola.	Es útil puesto que facilita mucho todo el trabajo desde el punto laboral como académico.	No	No	23.627906976744185
2024/02/09 4:20:35 p. m. GMT-5	3.75	5	6	3	10	2003-08-14	7	5	No	Álgebra lineal	Física mecánica	Quitaría la metodología de las materias que se realizan de manera intensiva.	Considero que representa un peligro en cuanto al desarrollo mental y físico de las personas; sin embargo se sabe que la inteligencia artificial nos acompañará de aquí en adelante para hacer de nuestro día a día más ""fácil"" por lo cual no tendremos que esforzarnos mucho para realizar algunas actividades.	Sí	Sí	20.52530779753762
2024/02/09 4:47:29 p. m. GMT-5	4.19	7	8	3	10	2000-12-03	6	5	No	Botánica	Ecuaciones diferenciales	Yo quitaría materias menos relevantes y también que las asignaturas no sean intensivas y agregaría cursos que estén relacionados con nuevas tecnologías que se puedan implementar en el medio agrícola o pecuario.	Yo pienso que es útil, debido a que es una herramienta que puede ayudar en diferentes áreas en el ámbito profesional.	Sí	Sí	23.21751025991792
2024/02/09 5:38:08 p. m. GMT-5	3.5	8	8	2	10	2001-12-19	8	5	No	Álgebra lineal	Ecuaciones diferenciales	Cambiaría las clases intensivas por clases que se vean todo el semestre	Es útil, pero también representa peligro ya que las personas estamos dejando todo en manos de ellas	Sí	Sí	22.17510259917921
2024/02/09 5:39:06 p. m. GMT-5	3.84	7	7	6	8	2003-12-24	6	5	No	Álgebra lineal	Botánica y fisiología vegetal	Modificaría la intensidad horaria de algunas materias para evitar la sobrecarga del estudiante y promover un aprendizaje más duradero. Me parece que al reducir la carga intensiva de ciertas asignaturas uno tiene más tiempo para asimilar y consolidar los conocimientos adquiridos, lo que contribuye a una comprensión más profunda de los temas.	Pienso que la inteligencia artificial es útil en mi ejercicio profesional siempre y cuando la utilice de manera inteligente y no dependa siempre de esta. A mi parecer la inteligencia artificial puede ser una herramienta poderosa, pero no me parece que deba ser utilizada como la única solución, por otro lado, creer ciegamente en la inteligencia artificial podría generar que se cometan errores.	Sí	No	20.164158686730506
2024/02/09 6:32:07 p. m. GMT-5	3.34	5	6	5	8	2000-05-09	8	5	Sí	Edafologia	Cálculo diferencial	Actulizaria el curriculo de la carrera y agregaria mas merias que hacen falta	en algunos casos es muy util y en cierto casos es un peligro, porque no esta quitando el poder pensar sobre cierta actvidades o tareas	Sí	No	23.786593707250343
2024/02/10 3:56:51 p. m. GMT-5	3.9	7	5	1	6	2002-12-09	8	5	No	Botánica	Geometría vectorial y analítica	en mi carrera profesional propondría que las clases fueran un poco mas practicas y se combinen con lo teorico	la inteligencia artificial es una gran ayuda y es muy útil, pero, es necesario saber como y para que la voy a utilizar en mi ejercicio profesional	Sí	Sí	21.203830369357046
2024/02/10 6:31:17 p. m. GMT-5	3.8	6	6	4	6	2004-02-07	8	5	No	Topografía	Ecuaciones diferenciales	yo creo que tiene muchas matemáticas y mucha teoría le agregaría mas practicas	me parece muy útil	Sí	No	20.041039671682626
2024/02/11 2:06:57 p. m. GMT-5	4	3	6	5	7	2004-04-26	7	5	No	Botánica	Ecuaciones diferenciales	Me encuentro por la mitad de la carrera, las materias que he visto me parecen de importancia fundamental para mi preparación cómo profesional del sistema agropecuario y las que he observado en el pensum para los proximos semestre me parecen adecuadas, la verdad no me considero en potestad de quitar alguna porque es necesaria ni agregar porque hay muchas que desconozco y posiblemente sea lo que pueda añadir	Considero que puede ser útil pero también un poco peligroso, porque en la práctica de mi carrera cada cultivo por ejemplo necesita de requerimientos adecuados a su entorno y la inteligencia artificial si no se usa de manera adecuada puede arrojar datos que resultarian perjudiciales para la persona interesada en la información, útil por otra parte porque nos permite acceder a conocimientos de forma muy sencilla y rápida	Sí	No	19.82489740082079
2024/02/11 2:35:54 p. m. GMT-5	3.88	3	1	4	8	1997-07-08	9	5	No	Botánica	Cálculo diferencial	Considero que mi carrera profesional esta bien	Me parece que si la utilizamos de manera adecuada seria de gran utilidad, ya que estos nos ayuda a mejorar la eficiencia en diversos propósitos.	Sí	Sí	26.62106703146375
2024/02/11 9:36:49 p. m. GMT-5	3.9	1	6	3	10	1998-08-10	8	5	Sí	Edafologia	Cálculo integral	A mi carrera agraria un área de diseño arquitectónico	Es útil ya que mejora y agiliza los proceso	Sí	Sí	25.532147742818058
2024/02/11 10:01:12 p. m. GMT-5	3.8	8	12	4	9	2004-08-27	7	4	No	Sistemas de produccion agropecuaria	Álgebra lineal	mas enfoque en el sistema agropecuario	es util porque nos investiga mas a fondo temas de interes	Sí	Sí	19.488372093023255
2024/02/11 10:13:56 p. m. GMT-5	3.6	9	7	1	8	1997-01-08	9	5	Sí	Edafologia	Cálculo integral	pienso que el currículum de acuerdo a mi conocimiento es adecuado, tal vez solo modificaría para que las materias no se den de forma intensiva, sino que por el contrario duren el semestre que debería de durar	pienso que la inteligencia artificial es una gran herramienta de trabajo para los profesionales que buscan suprimir y optimizar tiempo, sin embargo hay quienes dependen intelectualmente de esta herramienta y es aquí donde no estoy de acuerdo.	Sí	Sí	27.11627906976744
2024/02/12 6:19:10 a. m. GMT-5	3.5	8	7	2	10	1997-11-01	8	5	No	Fisica de campos	Ecuaciones diferenciales	todo me parece apropiado en la carrera	es util, solo da un poco de temor de que tomen control propio y lo utilicen en contra de los humanos	Sí	No	26.303693570451436
2024/02/12 6:20:12 a. m. GMT-5	4	3	5	5	8	2003-11-03	8	5	No	Botánica	Botanica y ecuaciones	,,,,	la  considero muy util.	Sí	No	20.303693570451436
2024/02/12 6:20:51 a. m. GMT-5	3.8	3	7	6	2	2004-11-20	6	4	No	Sociología	Cálculo integral	Algunas físicas y un poco los cálculos	Es bastante útil, lo veo como una forma de realizar las cosas de una forma menos compleja	Sí	No	19.25581395348837
2024/02/12 6:26:27 a. m. GMT-5	3.9	4	8	4	5	2003-07-12	6	4	No	Sociología	Álgebra lineal	quitaría geometría vectorial y algebra lineal	pienso que hoy en día la inteligencia artificial es algo muy importante en nuestra vida cotidiana	Sí	Sí	20.615595075239398
2024/02/13 6:12:17 a. m. GMT-5	3.8	8	7	2	4	2002-08-04	7	4	No	Botánica	Cálculos	Le agregaría más elementos pecuarios ya que aunque es una carrera agropecuaria tenemos un enfoqué mayor en lo agro.	Es sumamente importante ya que nos está ayudando a mejorar, los sistemas de producción a gran escala.	No	Sí	21.551299589603282
2024/02/14 10:14:47 a. m. GMT-5	3.5	4	0	3	8	2002-03-02	9	5	No	Fisiología vegetal	Ecuaciones diferenciales	No quitaría ninguno, está perfecto. Aunque de pronto las materias intensivas.	No es útil, prefiero investigar yo misma.	No	Sí	21.975376196990425
2024/02/14 10:16:09 a. m. GMT-5	3.5	7	5	3	5	1995-12-18	8	8	No	Plagas y enfermedades	Cálculo diferencial	No me gustaría quitar nada y lo veo perfecto así como esta	Me parece de suma importancia la tecnología en mi carrera	Sí	No	28.17510259917921
2024/02/14 12:04:48 p. m. GMT-5	3.8	1	7	2	8	2004-08-05	6	4	No	Química orgánica	Cálculo diferencial	Siento que la carrera tiene lo necesario para ser un buen profesional	Para mi es una herramienta muy útil que nos ayuda de una forma u otra a ser más prácticos y hábiles, siempre y cuando se le dé un buen uso y no abusar de ella	No	No	19.548563611491108
2024/02/14 6:35:18 p. m. GMT-5	4	7	5	4	6	2001-07-04	7	5	No	Uso y manejo de suelos	Cálculo diferencial	le  quitaría los cálculos, y le agregaría materias mas practicas que estén relacionadas directamente con la carrera	es muy útil para ciertas actividades, trabajos y presentaciones ya que permite agilizar y realizar muy buenas presentaciones, pero pienso que no se puede dejar recaer todo en ella porque de esta forma nos convertiremos esclavos de ella, esto hace que perdamos confianza de las habilidades que tenemos.	Sí	No	22.634746922024625
2024/02/14 7:21:33 p. m. GMT-5	3.94	5	6	8	8	1999-09-14	9	5	No	Botánica	Ecuaciones diferenciales	Le agregaría más materias que enfoquen al profesional a la asistencia técnica, con cursos que le ayuden a mejorar la manera de comunicarse con los diferentes campesinos productores.	Es útil, ya que puede facilitar diversos procesos.	Sí	Sí	24.437756497948016
2024/02/14 10:38:18 p. m. GMT-5	NA	6	7	3	8	2000-01-22	8	5	No	Topografía	Ecuaciones	Más prácticas en lo pecuario	Es útil ha que con ella podemos ayudarnos en nuestras labores	Sí	Sí	24.082079343365255
2024/02/14 11:13:31 p. m. GMT-5	3.9	7	7	5	8	2002-10-03	6	6	No	Sociologia general y rural	Cálculo diferencial	Enfocarse un poco más en las áreas de campo.	Me parece que es útil, ya que ayuda a brindar la información necesaria en diferentes temas	Sí	Sí	21.387140902872776
2024/02/15 6:15:52 a. m. GMT-5	3.9	10	6	2	7	1998-06-24	8	6	No	Agroecologia	Cálculos	Le agregaria la parte pecuaria a fondo y quitaria una matematica	La inteligencia artificial  en el ejercicio profesional  es util ya que  una habilidad  de una maquina  que representa  que representa a un ser humano	No	No	25.660738714090286
2024/02/15 6:27:14 a. m. GMT-5	3.6	3	5	4	6	1997-11-21	7	11	Sí	Producción agrícola	Cálculo diferencial	clases mas practicas en campo para las materias de producciones	si se utiliza con responsabilidad y con un buen uso es una herramienta muy important y de gran ayuda	Sí	No	26.248974008207934
2024/02/15 11:36:40 p. m. GMT-5	3.95	3	6	4	5	2024-08-18	8	5	No	Botánica	Cálculo diferencial	Menos matemáticas, más prácticas sobre lo estudiado	Hasta el momento nada	No	Sí	-0.47332421340629277
2024/02/16 12:25:10 p. m. GMT-5	3.9	2	3	3	7	2000-01-15	6	5	No	Ninguna hasta el momento	Cálculo diferencial	Talvez más materias del tema pecuario también sobre biotecnología	Ahora puede ser útil, pero en unos años es un peligro latente para nuestra labor como ingenieros en general.	No	No	24.10123119015048
2024/02/19 12:54:05 a. m. GMT-5	3.6	5	6	3	10	2004-01-19	7	4	Sí	Bioquímica	Ecuaciones diferenciales	Yo quitaría inglés puestos que a mí parecer y porque lo he visto nadie aprende mas que hacer las tareas en traductor, básicamente considero q en ese espacio agreguen algo q valla acuerdo a nuestra carrera o nos  ayude como profesionales  y ya como persona o como profesional valga la redundancia seamos nosotros q busquemos el inglés.	La verdad la tecnología si considero que es muy útil en nuestro ejercicio profesional ya que es una herramienta muy útil a la hora q hacer múltiples tareas como por ejemplo, llevar datos, programar, investigar, etc.	Sí	No	20.093023255813954
2024/02/20 6:15:35 p. m. GMT-5	3.8	5	6	4	10	2000-05-30	7	8	No	Agroecologia	Ecuaciones diferenciales	Agregaría un poco más de práctica, y quitaría algunas materias	Es util	No	No	23.729138166894664
