Municipios,año,Aguacate,Bananito,Banano,Borojó,Chontaduro,Citricos,Coco,Granadilla,Guana bana,Guayaba,Lulo,Mango,Maracuyá,Melón a,Melon b,Mora,Papaya,Piña,Pitaya,Tomate Arbol,Vid
Cali,2018.0,20,0,0,0,0,224,0,0,0,108,0,0,0,0,0,80,0,0,0,48,0
Alcalá,2018.0,420,0,"2,104",0,0,"7,612",0,0,60,112,144,0,0,0,0,0,300,"2,772",0,0,0
Andalucia,2018.0,550,0,150,0,0,"5,800",0,0,0,0,0,0,300,0,0,0,300,0,0,0,0
Ansermanuevo,2018.0,342,0,783,0,0,680,0,387,585,55,0,108,0,0,0,3,0,0,84,0,0
Argelia,2018.0,"2,330",0,"2,355",0,0,40,0,0,0,0,17,0,0,0,0,0,0,0,0,0,0
Bolivar,2018.0,200,0,"3,009",0,48,520,0,132,210,"1,400","2,700",20,560,"1,050","1,134",85,"1,134",720,70,161,560
Buenaventura,2018.0,0,"1,475",630,"9,312",420,0,"3,864",0,0,104,0,0,0,0,0,0,0,63,0,0,0
Buga,2018.0,14,0,"1,147",0,0,180,0,63,0,0,100,12,42,0,0,80,100,"7,410",0,70,24
Bugalagrande,2018.0,300,0,0,0,0,"15,764",0,108,495,108,0,0,144,0,0,0,0,0,0,0,0
Caicedonia,2018.0,"4,270",0,"4,884",0,0,"43,076",0,0,847,0,0,0,144,0,0,0,0,720,0,0,0
Calima Darién,2018.0,378,0,30,0,0,120,0,0,0,50,"1,590",0,0,0,0,96,0,0,0,0,0
Candelaria,2018.0,0,0,0,0,0,295,0,0,0,210,0,0,399,0,0,0,0,0,0,0,0
Cartago,2018.0,212,0,306,0,0,"6,489",0,0,90,30,0,0,0,0,0,0,0,0,0,0,0
Dagua,2018.0,650,0,"1,440",0,119,"2,980",0,0,330,56,876,0,"1,278",0,0,0,0,"50,880",105,0,0
El Aguila,2018.0,264,0,144,0,0,75,0,132,0,0,180,0,80,0,0,36,0,228,40,96,0
El Cairo,2018.0,623,0,255,0,0,29,0,0,0,0,57,0,20,0,0,5,0,0,0,0,0
El Cerrito,2018.0,320,0,126,0,0,540,0,0,0,0,0,0,80,0,0,16,0,0,0,70,"3,396"
El Dovio,2018.0,112,0,630,0,0,0,0,185,0,0,"1,060",0,510,0,0,0,0,0,0,0,0
Florida,2018.0,81,0,"2,740",0,0,"2,725",0,200,68,156,0,50,140,0,0,572,330,"6,440",5,72,0
Ginebra,2018.0,0,0,"2,934",0,0,0,0,81,0,0,15,0,60,0,0,534,80,0,0,0,912
Guacarì,2018.0,612,0,"4,338",0,0,"1,320",0,0,440,0,"1,161",0,"2,490",0,0,174,310,0,0,84,110
Jamundì,2018.0,38,0,65,0,0,"14,090",0,0,48,38,50,460,230,0,0,36,88,"1,885",0,75,0
La Cumbre,2018.0,0,0,"1,116",0,0,0,0,102,0,0,147,0,0,0,0,0,200,"10,220",0,0,0
La Uniòn,2018.0,319,0,233,0,0,365,0,0,88,"2,654",42,108,292,556,396,0,"1,675",972,59,0,"7,852"
La Victoria,2018.0,390,0,350,0,0,"4,200",0,0,56,270,0,615,66,0,0,0,0,0,0,0,60
Obando,2018.0,303,0,"10,150",0,0,342,0,0,0,32,0,379,0,0,0,0,400,0,0,0,0
Palmira,2018.0,"1,404",0,"1,177",0,0,"1,500",0,280,0,125,193,0,331,0,0,16,0,0,0,34,28
Pradera,2018.0,20,0,150,0,0,0,0,0,450,30,0,0,0,0,0,132,0,"2,400",0,30,0
Restrepo,2018.0,641,120,790,0,0,630,0,0,0,88,"1,275",0,180,0,0,16,0,"36,900",184,15,0
Riofrìo,2018.0,328,0,"7,616",0,0,162,0,0,48,49,615,45,120,0,0,50,0,360,56,0,0
Roldanillo,2018.0,460,0,"1,225",0,0,800,0,56,100,"2,352",100,0,"1,330",255,220,75,"3,024","2,000",108,0,924
San Pedro,2018.0,230,0,497,0,0,"1,519",0,390,153,0,98,120,560,0,0,182,"1,350",0,0,175,0
Sevilla,2018.0,"8,600",0,"8,100",0,0,"13,000",0,150,0,0,675,0,0,0,0,240,0,0,0,0,0
Toro,2018.0,531,0,75,0,0,45,0,96,120,"1,776",105,0,600,560,560,0,"1,295","1,550",0,0,"3,540"
Trujillo,2018.0,"1,017",0,"6,230",0,0,290,0,0,28,41,88,0,176,0,0,525,870,0,168,0,60
Tuluà,2018.0,78,0,"5,280",0,0,612,0,88,49,0,"1,326",50,200,0,0,796,450,0,0,444,36
Ulloa,2018.0,"1,047",0,"2,396",0,0,"1,472",0,0,0,0,36,0,24,0,0,0,176,750,0,0,0
Versalles,2018.0,321,0,606,0,0,0,0,88,0,0,240,0,120,0,0,445,0,0,60,0,0
Vijes,2018.0,144,0,525,0,0,780,0,0,0,0,0,140,375,0,0,0,"2,000","18,000",0,0,0
Yotoco,2018.0,378,0,0,0,0,"1,128",0,0,0,263,44,200,270,0,0,0,300,770,27,0,0
Yumbo,2018.0,264,0,127,0,0,870,0,30,66,19,0,341,30,0,0,10,365,576,12,0,"1,356"
Zarzal,2018.0,0,0,0,0,0,"2,559",0,0,95,65,0,184,0,56,56,0,74,0,0,0,0
Municipios,año,Aguacate,Bananito,Banano,Borojó,Chontaduro,Citricos,Coco,Granadilla,Guana bana,Guayaba,Lulo,Mango,Maracuyá,Melón a,Melon b,Mora,Papaya,Piña,Pitaya,Tomate Arbol,Vid
Cali,2017.0,25,0,0,0,0,161,0,0,0,96,0,0,0,0,0,70,0,0,0,33,0
Alcalá,2017.0,420,0,"2,629",0,0,"12,410",0,0,0,35,285,0,0,0,0,0,0,"1,798",0,0,0
Andalucia,2017.0,500,0,500,0,0,"6,500",0,0,0,0,0,0,200,0,0,0,700,0,0,0,0
Ansermanuevo,2017.0,266,0,900,0,0,105,0,261,87,3,0,108,0,0,0,0,0,0,54,0,0
Argelia,2017.0,"2,330",0,"2,025",0,0,40,0,0,0,0,22,0,0,0,0,28,0,0,0,0,0
Bolivar,2017.0,200,0,"2,329",0,48,680,0,180,210,"1,700","2,800",40,672,"1,470","1,470",100,"1,242","1,680",85,175,528
Buenaventura,2017.0,0,"1,760",630,"9,312","7,000",0,"3,804",0,0,104,0,0,0,0,0,0,0,18,0,0,0
Buga,2017.0,128,0,"1,218",0,0,170,0,110,0,16,24,40,36,0,0,30,340,"6,000",0,24,22
Bugalagrande,2017.0,300,0,0,0,0,"15,764",0,84,440,108,0,0,144,0,0,0,0,0,72,0,0
Caicedonia,2017.0,"3,732",0,"4,950",0,0,"48,950",0,0,896,0,0,0,144,0,0,0,0,"1,820",0,0,0
Calima Darién,2017.0,318,0,66,0,0,80,0,0,0,50,"1,350",0,0,0,0,96,0,0,0,0,0
Candelaria,2017.0,0,0,0,0,0,315,0,0,0,225,0,0,405,0,0,0,0,0,0,0,0
Cartago,2017.0,212,0,270,0,0,"3,654",0,0,0,30,0,0,0,0,0,0,0,90,0,0,0
Dagua,2017.0,400,0,"1,380",0,119,"1,100",0,0,120,40,398,0,"2,880",0,0,0,0,"46,200",63,0,0
El Aguila,2017.0,154,0,117,0,0,53,0,77,0,0,240,0,0,0,0,24,0,50,0,60,0
El Cairo,2017.0,558,0,310,0,0,0,0,21,0,0,42,0,45,0,0,180,0,0,0,18,0
El Cerrito,2017.0,200,0,360,0,0,540,0,0,0,0,0,0,160,0,0,8,0,0,0,70,"3,962"
El Dovio,2017.0,56,0,686,0,0,0,0,30,0,0,825,0,495,0,0,0,0,0,0,0,0
Florida,2017.0,81,0,"2,720",0,0,"2,850",0,112,60,130,0,45,140,0,0,468,330,"4,620",5,60,0
Ginebra,2017.0,0,0,"2,844",0,0,540,0,36,0,0,70,0,210,0,0,600,110,0,0,0,852
Guacarì,2017.0,480,0,"4,230",0,0,"2,170",0,0,190,0,555,0,710,0,0,186,"3,220",0,0,312,"1,990"
Jamundì,2017.0,40,0,75,0,0,"10,670",0,0,48,48,55,460,230,0,0,59,60,"1,080",0,78,0
La Cumbre,2017.0,0,0,580,0,0,0,0,0,0,0,68,0,0,0,0,0,45,"12,400",0,0,0
La Uniòn,2017.0,258,0,233,0,0,365,0,0,88,"2,654",66,120,255,440,440,0,"3,325","1,152",64,0,"8,061"
La Victoria,2017.0,220,0,"1,020",0,0,"2,940",0,0,28,250,0,675,66,30,0,0,60,0,0,0,60
Obando,2017.0,246,0,"9,966",0,0,342,0,0,0,0,0,368,280,0,0,0,300,0,0,0,0
Palmira,2017.0,"1,230",0,"1,177",0,0,"1,500",0,84,0,110,141,0,161,0,0,15,0,0,0,60,40
Pradera,2017.0,20,0,300,0,0,250,0,0,300,30,0,0,0,0,0,75,0,"1,600",0,30,0
Restrepo,2017.0,648,200,623,0,0,156,0,8,0,80,"1,290",0,144,0,0,32,0,"35,400",232,18,0
Riofrìo,2017.0,224,0,"11,256",0,0,144,0,0,48,42,901,90,0,0,0,100,0,360,40,0,0
Roldanillo,2017.0,290,0,"1,050",0,0,800,0,56,100,"2,364",100,0,"1,980",900,510,30,"1,968","2,460",108,0,789
San Pedro,2017.0,212,0,483,0,0,406,0,372,145,0,98,113,560,0,0,182,"1,350",0,0,175,0
Sevilla,2017.0,"4,608",0,"14,000",0,0,"28,000",0,150,0,0,675,0,0,0,0,240,0,0,0,0,0
Toro,2017.0,135,0,60,0,0,30,0,70,120,"1,548",75,0,600,700,575,0,"1,050","1,000",0,0,"3,480"
Trujillo,2017.0,"1,130",0,"6,290",0,0,400,0,0,35,39,105,0,162,0,0,644,690,0,176,0,108
Tuluà,2017.0,96,0,"4,707",0,0,612,0,40,49,0,"1,350",50,160,0,0,564,383,0,0,690,36
Ulloa,2017.0,660,0,"2,000",0,0,"1,247",0,0,0,0,0,0,0,0,0,0,0,495,0,0,0
Versalles,2017.0,321,0,582,0,0,0,0,124,0,0,240,0,160,0,0,409,0,0,60,0,0
Vijes,2017.0,136,0,600,0,0,780,0,0,0,0,0,130,0,0,0,0,"2,000","17,280",0,0,0
Yotoco,2017.0,366,0,0,0,0,"1,128",0,0,0,239,57,0,405,0,0,0,700,"2,520",27,0,0
Yumbo,2017.0,336,0,89,0,0,631,0,24,60,39,0,202,18,40,60,5,20,300,12,3,984
Zarzal,2017.0,0,0,0,0,0,"2,439",0,0,95,65,0,0,0,45,75,0,174,"3,990",0,0,0
Municipios,año,Aguacate,Bananito,Banano,Borojó,Chontaduro,Citricos,Coco,Granadilla,Guana bana,Guayaba,Lulo,Mango,Maracuyá,Melón a,Melon b,Mora,Papaya,Piña,Pitaya,Tomate Arbol,Vid
Cali,2016.0,15,0,0,0,161,0,0,0,0,88,0,0,0,0,0,70,0,0,0,33,0
Alcalá,2016.0,196,"2,540",0,0,"7,440",0,0,0,0,50,128,0,0,0,0,0,100,"1,425",0,0,0
Andalucia,2016.0,250,105,0,0,"11,200",0,0,0,0,0,0,0,600,0,0,0,120,0,0,0,0
Ansermanuevo,2016.0,127,540,0,0,25,0,0,195,60,3,11,66,9,0,0,5,0,0,64,0,0
Argelia,2016.0,"2,270",720,0,0,39,0,0,0,0,0,40,0,0,0,0,28,0,0,0,0,0
Bolivar,2016.0,200,"2,108",0,0,880,48,0,450,210,"1,900","2,780",0,980,"2,310","1,890",115,810,"4,400",100,224,480
Buenaventura,2016.0,0,"1,612","3,900","9,312",0,"3,640","3,864",0,0,0,0,0,0,0,0,0,0,0,0,0,0
Buga,2016.0,84,"1,190",0,0,120,0,0,110,0,16,24,40,36,0,0,30,340,"6,000",0,24,22
Bugalagrande,2016.0,270,0,0,0,"15,960",0,0,126,495,108,0,0,120,0,0,0,0,0,80,0,0
Caicedonia,2016.0,"4,368","5,475",0,0,"48,725",0,0,0,307,0,0,0,0,0,0,0,0,"1,820",0,0,0
Calima Darién,2016.0,398,66,0,0,90,0,0,0,0,50,"1,746",0,0,0,0,136,0,0,0,0,0
Candelaria,2016.0,0,0,0,0,313,0,0,0,0,195,0,0,480,0,0,0,0,0,0,0,0
Cartago,2016.0,318,270,0,0,"2,952",0,0,0,0,40,0,0,0,0,0,0,0,75,0,0,0
Dagua,2016.0,690,956,0,0,"2,046",119,0,0,45,43,263,0,414,0,0,0,0,"67,800",42,0,0
El Aguila,2016.0,160,80,0,0,105,0,0,14,0,0,120,0,10,0,0,15,0,338,0,60,0
El Cairo,2016.0,536,280,0,0,0,0,0,20,0,0,26,0,52,0,0,150,0,0,0,11,0
El Cerrito,2016.0,246,300,0,0,540,0,0,0,0,0,0,0,200,0,0,14,0,0,0,100,"3,962"
El Dovio,2016.0,44,574,0,0,0,0,0,80,0,0,840,0,390,0,0,0,0,0,0,0,0
Florida,2016.0,144,"3,861",0,0,"2,820",0,0,108,80,90,0,80,150,0,0,504,450,315,10,54,0
Ginebra,2016.0,0,"1,450",0,0,348,0,0,54,0,0,108,0,195,0,0,"1,560",550,0,0,0,610
Guacarì,2016.0,430,"1,624",0,0,570,0,0,0,240,0,231,0,580,0,0,175,"10,450",0,0,120,"3,780"
Jamundì,2016.0,40,67,0,0,"9,060",0,0,0,26,80,90,460,330,0,0,68,210,"1,110",0,30,0
La Cumbre,2016.0,0,344,0,0,0,0,0,0,0,0,64,0,0,0,0,0,0,"6,400",0,0,0
La Uniòn,2016.0,424,191,0,0,263,0,0,0,108,"2,631",102,0,180,"1,620","1,692",0,"4,332",0,0,0,"9,647"
La Victoria,2016.0,250,"1,280",0,0,0,0,0,0,0,240,0,240,192,0,0,0,0,0,0,0,50
Obando,2016.0,266,"9,702",0,0,468,0,0,0,0,0,0,390,210,0,0,0,350,0,0,0,0
Palmira,2016.0,"1,030","1,397",0,0,"1,500",0,0,80,0,110,281,0,161,0,0,45,0,0,0,51,144
Pradera,2016.0,20,180,0,0,325,0,0,0,300,30,52,0,0,0,0,60,0,"1,000",0,30,0
Restrepo,2016.0,578,"1,300",216,0,192,0,0,8,0,88,"1,185",0,136,0,0,64,0,"27,900",224,18,0
Riofrìo,2016.0,290,"13,884",0,0,144,0,0,0,48,42,"1,781",45,0,0,0,155,0,240,40,0,0
Roldanillo,2016.0,290,750,0,0,400,0,0,56,100,"2,316",100,0,"2,660","1,854","1,158",15,"6,690","2,320",108,0,714
San Pedro,2016.0,193,670,0,0,448,0,0,570,102,0,265,105,490,0,0,140,"1,200",0,0,258,0
Sevilla,2016.0,"3,840","36,200",0,0,"41,545",0,0,150,0,0,860,0,0,0,0,120,0,0,0,0,0
Toro,2016.0,108,60,0,0,30,0,0,70,135,"1,584",75,0,700,675,750,0,945,500,0,0,"4,012"
Trujillo,2016.0,630,"5,679",0,0,400,0,0,0,40,52,154,0,0,30,0,675,176,0,130,0,102
Tuluà,2016.0,96,"9,360",0,0,636,0,0,48,49,0,"1,440",50,160,0,0,683,330,0,0,480,36
Ulloa,2016.0,652,"2,076",0,0,"1,266",0,0,0,0,0,0,0,0,0,0,0,0,315,0,0,0
Versalles,2016.0,282,485,0,0,0,0,0,294,0,0,792,0,200,0,0,269,0,0,40,0,0
Vijes,2016.0,204,380,0,0,336,0,0,0,0,0,0,70,0,0,0,0,"1,200","17,280",0,0,0
Yotoco,2016.0,366,0,0,0,"1,128",0,0,0,0,209,88,0,0,0,0,0,0,420,40,0,0
Yumbo,2016.0,324,14,0,0,453,0,0,36,71,53,0,166,18,200,160,9,20,30,12,3,820
Zarzal,2016.0,0,0,0,0,"2,400",0,0,0,95,56,0,0,210,600,875,0,174,0,0,0,0
Municipios,año,Aguacate,Bananito,Banano,Borojó,Chontaduro,Citricos,Coco,Granadilla,Guana bana,Guayaba,Lulo,Mango,Maracuyá,Melón a,Melon b,Mora,Papaya,Piña,Pitaya,Tomate Arbol,Vid
Cali,2015.0,10,0,0,0,140,0,0,0,0,72,0,0,0,0,0,70,0,0,0,33,0
Alcalá,2015.0,315,"1,071",7,0,"2,418",0,0,0,0,60,48,0,0,0,0,0,120,980,0,0,0
Andalucia,2015.0,250,160,0,0,"7,290",0,0,0,0,0,0,0,500,0,0,0,240,0,0,0,0
Ansermanuevo,2015.0,200,540,0,0,60,0,0,288,100,4,36,60,12,0,0,11,0,0,78,0,0
Argelia,2015.0,"3,481","2,875",0,0,20,0,0,0,0,0,24,0,0,0,0,24,0,0,0,0,0
Bolivar,2015.0,210,"1,547",0,0,860,48,0,600,200,"2,200","2,680",0,"1,540","1,974","1,680",130,972,"3,760",125,231,480
Buenaventura,2015.0,0,"1,586","3,700","9,312",0,"12,992","3,804",0,0,0,0,0,0,0,0,0,0,0,0,0,0
Buga,2015.0,80,"1,305",0,0,80,0,0,0,0,14,0,25,0,0,0,30,0,0,0,0,25
Bugalagrande,2015.0,270,0,0,0,"16,604",0,0,63,495,108,0,0,120,0,0,0,0,0,100,0,0
Caicedonia,2015.0,"3,300","5,292",0,0,"48,175",0,0,0,218,0,0,0,0,0,0,0,0,"3,600",0,0,0
Calima Darién,2015.0,360,96,0,0,80,0,0,54,0,50,"1,314",0,0,0,0,192,0,0,9,64,0
Candelaria,2015.0,0,0,0,0,326,0,0,0,0,169,0,0,480,0,0,0,0,0,0,0,0
Cartago,2015.0,182,270,0,0,"2,426",0,0,0,0,40,4,0,0,0,0,0,30,90,0,0,0
Dagua,2015.0,845,"1,428",0,0,"2,280",204,0,41,54,45,195,0,494,0,0,0,0,"72,000",42,0,0
El Aguila,2015.0,69,44,0,0,25,0,0,15,0,0,96,0,0,0,0,54,0,140,0,20,0
El Cairo,2015.0,193,0,0,0,0,0,0,0,0,0,140,0,0,0,0,238,0,0,0,0,0
El Cerrito,2015.0,400,300,0,0,500,0,0,0,0,0,0,0,575,0,0,28,0,0,0,0,"3,920"
El Dovio,2015.0,32,588,0,0,0,0,0,27,0,0,360,0,72,0,0,0,0,0,8,0,0
Florida,2015.0,90,"3,060",0,0,240,0,0,63,80,56,0,64,135,0,0,522,280,225,10,50,0
Ginebra,2015.0,0,960,0,0,348,0,0,27,0,0,44,0,165,0,0,880,240,0,0,0,560
Guacarì,2015.0,432,"1,694",0,0,427,0,0,0,228,0,222,0,567,0,0,255,"7,968",0,0,144,"3,600"
Jamundì,2015.0,48,105,0,0,"9,060",0,0,0,26,160,90,460,290,0,0,86,149,930,0,30,0
La Cumbre,2015.0,0,349,0,0,0,0,0,0,0,0,60,0,0,0,0,0,0,"11,200",0,0,0
La Uniòn,2015.0,248,237,0,0,455,0,0,0,17,"2,969",138,0,515,"1,728","1,692",0,"11,528",0,0,0,"9,647"
La Victoria,2015.0,150,"1,350",0,0,799,0,0,0,0,240,0,204,120,0,150,0,210,0,0,0,45
Obando,2015.0,204,"9,218",0,0,466,0,0,0,0,0,0,426,186,0,0,0,220,0,0,0,0
Palmira,2015.0,652,847,0,0,"1,500",0,0,224,0,110,281,0,161,0,0,45,0,0,0,53,144
Pradera,2015.0,20,180,0,0,325,0,0,0,300,30,52,0,0,0,0,60,0,"1,000",0,30,0
Restrepo,2015.0,336,665,192,0,250,0,0,8,0,144,"1,044",10,119,0,0,48,0,"23,100",256,15,0
Riofrìo,2015.0,170,"12,300",0,0,150,0,0,0,60,35,"1,141",45,0,0,0,155,0,150,100,0,0
Roldanillo,2015.0,260,750,0,0,350,0,0,32,100,"2,316",40,0,"2,135",669,669,12,"15,816",630,88,0,714
San Pedro,2015.0,175,455,0,0,448,0,0,495,60,0,98,49,420,0,0,112,"1,050",0,0,98,0
Sevilla,2015.0,"9,600","41,500",0,0,"35,460",0,0,150,0,0,900,0,0,0,0,51,0,0,0,0,0
Toro,2015.0,108,46,0,0,30,0,0,0,432,"1,554",0,0,"1,125",700,750,0,"1,750",0,0,0,"2,950"
Trujillo,2015.0,434,"7,584",0,0,330,0,0,0,30,72,250,0,216,125,0,"1,400",640,0,160,0,45
Tuluà,2015.0,96,"4,698",0,0,636,0,0,40,49,0,300,20,48,0,0,398,"2,000",0,0,160,30
Ulloa,2015.0,"1,223","4,152",23,0,"1,266",0,0,0,0,0,0,0,0,0,0,0,0,198,0,0,0
Versalles,2015.0,79,485,0,0,0,0,0,434,0,0,620,0,200,0,0,219,0,0,24,0,0
Vijes,2015.0,190,400,0,0,400,0,0,0,0,0,0,65,0,0,0,0,"1,320","18,081",0,0,0
Yotoco,2015.0,585,0,0,0,96,0,0,0,0,376,52,0,0,0,0,0,0,420,20,0,0
Yumbo,2015.0,498,20,0,0,472,0,0,36,150,57,39,170,54,100,100,15,408,75,20,5,200
Zarzal,2015.0,0,0,0,0,"10,040",16,0,0,351,31,0,0,450,630,420,0,719,0,0,0,0
El Cerrito,2013.0,140,84,0,0,350,0,0,0,0,0,0,0,225,0,0,20,0,0,0,0,"1,960"
Municipios,año,Aguacate,Bananito,Banano,Borojó,Chontaduro,Citricos,Coco,Granadilla,Guana bana,Guayaba,Lulo,Mango,Maracuyá,Melón a,Melon b,Mora,Papaya,Piña,Pitaya,Tomate Arbol,Vid
Cali,2014.0,0,0,0,0,0,0,0,0,0,0,0,0,0,0,0,0,0,0,0,0,0
Alcalá,2014.0,"31,694","61,904","4,716","19,520","58,511",545,"39,660","3,679","2,372","4,423","10,383","10,636","2,875","20,631","8,419","1,140","47,527","41,643","15,271","1,073","2,132"
Andalucia,2014.0,0,0,0,0,0,0,0,0,0,0,0,0,0,0,0,0,0,0,0,0,0
Ansermanuevo,2014.0,0,0,0,0,0,0,0,0,0,0,0,0,0,0,0,0,0,0,0,0,0
Argelia,2014.0,315,"1,120",0,0,0,0,0,0,0,0,32,0,0,0,0,0,0,180,0,0,0
Bolivar,2014.0,108,0,0,0,0,0,0,0,0,0,0,0,0,0,0,0,0,0,0,0,0
Buenaventura,2014.0,"1,116",0,0,0,0,0,0,0,360,80,4,23,144,0,0,0,0,0,0,0,0
Buga,2014.0,"8,034",0,0,0,0,0,0,0,0,0,0,0,0,0,0,0,0,0,0,0,0
Bugalagrande,2014.0,731,0,0,0,0,0,0,0,396,200,"2,200",0,0,"5,544","1,890",200,810,"6,000",257,203,679
Caicedonia,2014.0,0,"1,220","4,404",0,0,0,"39,360",0,0,0,0,0,0,0,0,0,0,0,0,0,0
Calima Darién,2014.0,105,0,0,0,100,0,0,0,0,0,8,25,50,0,0,0,90,"1,200",0,0,8
Candelaria,2014.0,0,0,0,0,0,0,0,0,99,540,0,0,0,0,0,0,0,0,0,0,0
Cartago,2014.0,"3,547",0,0,0,0,0,0,0,0,0,0,0,0,0,0,0,0,0,0,0,0
Dagua,2014.0,224,0,0,0,0,0,0,0,0,0,80,0,0,0,0,0,0,0,0,8,0
El Aguila,2014.0,0,0,0,0,0,0,0,0,0,0,0,0,0,0,0,0,0,0,0,0,0
El Cairo,2014.0,65,0,0,0,0,0,0,0,0,0,16,0,0,0,0,0,0,0,0,0,0
El Cerrito,2014.0,780,0,0,0,0,0,0,0,41,54,33,0,0,0,0,0,0,0,"7,700",0,0
El Dovio,2014.0,63,0,0,0,0,0,0,0,0,0,0,0,0,0,0,0,0,0,0,0,0
Florida,2014.0,0,0,0,0,0,0,0,0,0,0,0,0,0,0,0,0,0,0,0,0,0
Ginebra,2014.0,364,0,0,0,0,0,0,0,0,0,0,0,0,0,0,0,0,0,0,0,0
Guacarì,2014.0,45,0,0,0,0,0,0,0,0,0,0,0,0,0,0,0,0,0,0,0,0
Jamundì,2014.0,156,0,0,0,"1,660",0,0,0,264,40,0,0,80,0,0,0,"1,200",720,50,0,0
La Cumbre,2014.0,0,0,0,0,0,0,0,0,0,0,0,0,0,0,0,0,"6,450",0,0,0,0
La Uniòn,2014.0,301,0,0,0,0,0,0,0,0,0,0,0,0,0,0,0,"1,000",0,0,0,300
La Victoria,2014.0,43,0,0,0,0,0,0,0,0,28,396,120,594,0,0,0,281,150,0,0,0
Obando,2014.0,0,0,0,0,0,0,0,0,0,0,0,0,0,0,0,0,0,0,0,0,0
Palmira,2014.0,95,0,0,0,0,0,0,0,0,96,"6,985",0,0,"1,656","2,131",0,0,0,0,0,0
Pradera,2014.0,90,0,0,0,0,0,0,0,0,0,0,0,728,0,0,0,0,0,0,0,0
Restrepo,2014.0,211,0,0,0,0,0,0,0,0,0,0,0,341,0,0,0,0,0,0,0,0
Riofrìo,2014.0,759,0,0,0,0,0,0,0,0,0,70,0,0,0,0,0,0,0,0,0,224
Roldanillo,2014.0,12,0,0,0,0,0,0,0,0,300,12,0,0,0,0,0,0,0,0,0,0
San Pedro,2014.0,395,536,0,0,0,0,0,0,0,0,270,0,0,0,0,0,0,0,"1,280",558,0
Sevilla,2014.0,452,0,0,0,0,0,0,0,0,21,38,830,54,0,0,0,0,0,100,0,0
Toro,2014.0,650,0,0,0,0,0,0,0,28,172,"1,860",0,0,"4,690","2,086",105,480,"9,450",473,0,0
Trujillo,2014.0,105,0,0,0,0,0,0,0,255,0,0,168,84,0,0,0,420,0,0,0,0
Tuluà,2014.0,"8,000",0,0,0,0,0,0,0,0,0,0,0,0,0,0,0,0,0,0,0,0
Ulloa,2014.0,92,0,0,0,0,0,0,0,0,"1,416",0,0,0,550,950,0,0,0,0,0,0
Versalles,2014.0,870,0,0,0,0,0,0,0,0,42,60,0,0,200,100,21,"5,400",0,0,0,0
Vijes,2014.0,90,0,0,0,424,0,0,0,72,0,0,488,0,0,0,0,"7,070",0,0,0,400
Yotoco,2014.0,"3,260","2,024",0,0,0,0,0,0,0,0,0,0,0,0,0,0,0,0,0,0,0
Yumbo,2014.0,188,0,0,0,0,0,0,0,0,0,0,0,0,0,0,0,0,0,0,0,0
Zarzal,2014.0,190,0,0,0,0,0,0,0,0,0,0,0,0,0,0,0,0,"2,700",0,0,0
Municipios,año,Aguacate,Bananito,Banano,Borojó,Chontaduro,Citricos,Coco,Granadilla,Guana bana,Guayaba,Lulo,Mango,Maracuyá,Melón a,Melon b,Mora,Papaya,Piña,Pitaya,Tomate Arbol,Vid
Cali,2013.0,7,0,0,0,231,0,0,0,0,75,6,0,0,0,0,55,0,0,0,22,0
Alcalá,2013.0,390,966,0,0,"2,976",0,0,0,0,0,240,0,0,0,0,0,320,"3,600",0,0,0
Andalucia,2013.0,250,0,0,0,"12,215",0,0,0,0,0,0,0,700,0,0,0,336,0,0,0,0
Ansermanuevo,2013.0,160,225,0,0,36,0,0,136,100,4,28,50,12,0,0,19,0,0,42,0,0
Argelia,2013.0,"2,389","5,418",0,0,20,0,0,0,0,0,25,0,0,0,0,24,0,0,0,0,0
Bolivar,2013.0,200,"1,224",0,0,780,64,0,540,180,"2,400","1,250",0,"1,652","1,680","1,764",150,"1,485","2,800",122,259,363
Buenaventura,2013.0,0,"1,586","3,670","9,636",0,"48,524","3,996",0,0,181,0,0,0,0,0,0,0,0,0,0,0
Buga,2013.0,35,620,0,0,40,0,0,60,0,0,5,10,20,0,0,12,120,"4,000",0,18,5
Bugalagrande,2013.0,270,0,0,0,"16,520",0,0,63,495,108,0,0,112,0,0,0,0,0,120,0,0
Caicedonia,2013.0,"2,868","5,105",0,0,"53,610",0,0,0,500,0,0,0,0,0,0,0,0,"2,250",0,0,0
Calima Darién,2013.0,750,39,0,0,0,0,0,36,0,50,"1,064",0,0,0,0,123,0,0,9,64,0
Candelaria,2013.0,0,0,0,0,359,0,0,0,0,418,0,0,400,0,0,0,0,0,0,0,0
Cartago,2013.0,81,270,0,0,"1,485",0,0,0,0,40,30,0,0,0,0,0,0,0,0,0,0
Dagua,2013.0,780,"1,428",0,0,240,204,0,41,54,45,195,0,380,0,0,0,0,"57,000",42,0,0
El Aguila,2013.0,72,60,0,0,0,0,0,56,0,0,140,0,0,0,0,164,0,0,0,36,0
El Cairo,2013.0,0,0,0,0,0,0,0,24,0,0,42,0,0,0,0,63,0,0,0,0,0
El Dovio,2013.0,32,600,0,0,0,0,0,15,0,0,975,0,20,0,0,0,0,0,8,0,0
Florida,2013.0,108,"2,400",0,0,"2,340",0,0,32,96,90,0,64,100,0,0,225,180,350,0,72,0
Ginebra,2013.0,0,"1,470",0,0,330,0,0,49,0,0,63,0,180,0,0,430,300,0,0,0,500
Guacarì,2013.0,460,"1,673",0,0,560,0,0,0,170,0,245,0,840,0,0,0,"5,700",0,0,140,"3,680"
Jamundì,2013.0,32,60,0,0,"6,076",0,0,0,24,133,147,540,90,0,0,72,105,150,0,30,0
La Cumbre,2013.0,0,355,0,0,0,0,0,0,0,0,222,0,0,0,0,0,0,"7,913",0,0,0
La Uniòn,2013.0,260,288,0,0,350,0,0,0,17,401,75,0,"1,254","1,132","1,158",0,"10,725",0,0,0,"11,429"
La Victoria,2013.0,30,"1,430",0,0,447,0,0,0,0,108,0,60,416,0,0,0,"1,072",0,0,0,36
Obando,2013.0,115,"8,568",0,0,"1,488",0,0,0,0,0,0,30,111,0,0,0,660,0,0,0,0
Palmira,2013.0,655,968,0,0,"1,360",0,0,0,0,99,105,0,456,0,40,125,0,0,0,0,123
Pradera,2013.0,20,180,0,0,325,0,0,0,300,0,39,0,0,0,0,60,0,0,0,30,0
Restrepo,2013.0,485,613,136,0,300,0,0,8,0,144,"1,065",0,180,0,0,80,0,"15,000",280,36,0
Riofrìo,2013.0,210,"3,425",0,0,140,0,0,0,22,24,"1,163",10,30,0,0,126,0,150,50,0,36
Roldanillo,2013.0,250,825,0,0,350,0,0,56,119,"2,076",40,0,"5,355","1,858","1,645",12,"16,224",550,99,0,480
San Pedro,2013.0,138,455,0,0,420,0,0,375,60,0,82,90,910,0,0,84,900,0,0,84,0
Sevilla,2013.0,"9,600","43,825",0,0,"35,460",0,0,150,0,0,"1,000",0,0,0,0,51,0,0,0,0,0
Toro,2013.0,63,5,0,0,180,0,0,0,"1,378","1,296",0,0,900,963,963,0,"1,715",0,0,0,"2,761"
Trujillo,2013.0,460,"15,290",0,0,302,0,0,0,22,80,48,0,252,60,38,"1,298","7,200",150,50,0,36
Tuluà,2013.0,103,"4,743",0,0,636,0,0,72,27,0,360,0,0,0,0,419,240,0,0,0,140
Ulloa,2013.0,690,"2,800",69,0,"1,265",0,0,0,0,0,0,0,0,0,0,0,0,198,0,0,0
Versalles,2013.0,24,465,0,0,0,0,0,294,0,0,"1,100",0,360,0,0,107,0,0,24,0,0
Vijes,2013.0,143,340,0,0,330,0,0,0,0,0,0,20,0,0,0,0,"3,420","5,025",0,0,0
Yotoco,2013.0,360,0,0,0,79,0,0,0,0,360,48,0,0,0,0,0,0,20,6,0,0
Yumbo,2013.0,330,56,0,0,680,0,0,27,66,145,35,96,160,120,200,9,"1,156",190,8,6,110
Zarzal,2013.0,0,0,0,0,"13,853",0,0,0,190,297,0,0,117,270,180,0,586,347,0,0,0
Municipios,año,Aguacate,Bananito,Banano,Borojó,Chontaduro,Citricos,Coco,Granadilla,Guana bana,Guayaba,Lulo,Mango,Maracuyá,Melón a,Melon b,Mora,Papaya,Piña,Pitaya,Tomate Arbol,Vid
Cali,2012.0,84,132,0,0,630,0,0,0,0,135,10,40,0,0,0,35,0,0,0,90,0
Alcalá,2012.0,253,476,15,0,"2,688",0,0,0,0,0,275,0,0,0,0,0,0,0,0,0,0
Andalucia,2012.0,72,0,0,0,"4,076",0,0,0,0,0,0,0,350,0,0,0,"7,560",0,0,0,0
Ansermanuevo,2012.0,107,525,0,0,36,0,0,136,115,4,116,50,24,0,0,54,0,0,24,0,0
Argelia,2012.0,"1,071","5,100","1,071",0,20,0,0,0,0,0,31,0,0,0,0,16,0,0,0,0,0
Bolivar,2012.0,157,"1,063",0,0,680,80,0,525,81,"2,475","1,163",0,"1,645","1,260",840,160,"1,350","2,480",128,322,268
Buenaventura,2012.0,0,"1,651","5,408","9,696",0,"48,524","3,852",0,0,170,0,0,0,0,0,0,0,0,0,0,0
Buga,2012.0,112,"1,400",0,0,"1,050",0,0,27,65,330,60,66,95,0,0,125,90,"4,750",0,225,2
Bugalagrande,2012.0,270,0,0,0,"16,520",0,0,63,495,108,0,0,112,0,0,0,0,0,120,0,0
Caicedonia,2012.0,"2,628","3,885",0,0,"42,180",0,0,60,240,120,0,0,105,0,0,0,0,"2,750",0,0,0
Calima Darién,2012.0,"1,095",0,0,0,40,0,0,63,0,50,605,0,0,0,0,111,0,0,27,40,0
Candelaria,2012.0,0,0,0,0,360,0,0,0,0,418,0,0,400,0,0,0,0,0,0,0,0
Cartago,2012.0,78,270,0,0,"1,480",0,0,0,0,40,35,0,0,0,0,0,0,0,0,0,0
Dagua,2012.0,350,"1,320",0,0,936,84,0,0,0,0,288,0,108,0,0,0,0,"30,600",0,0,0
El Aguila,2012.0,0,79,0,0,66,0,0,56,0,0,0,0,0,0,0,66,0,0,0,0,0
El Cairo,2012.0,82,"5,580",0,0,0,0,0,21,0,0,32,0,0,0,0,14,0,0,50,0,0
El Cerrito,2012.0,125,66,0,0,256,0,0,0,0,0,0,0,60,0,0,50,0,0,0,0,"1,120"
El Dovio,2012.0,16,344,0,0,0,0,0,10,0,0,500,0,10,0,0,18,0,0,14,0,0
Florida,2012.0,36,"2,754",0,0,"2,430",0,0,24,192,90,150,64,0,0,0,135,0,0,0,75,0
Ginebra,2012.0,0,"1,705",0,0,323,0,0,19,0,0,76,0,0,0,0,80,0,0,0,4,"1,107"
Guacarì,2012.0,510,"1,098",0,0,913,0,0,40,170,405,90,0,435,0,0,472,"2,160",0,0,56,"3,080"
Jamundì,2012.0,30,80,0,0,"5,964",0,0,0,33,140,20,270,120,0,0,45,120,315,0,12,0
La Cumbre,2012.0,0,365,0,0,0,0,0,0,0,0,192,0,0,0,0,0,0,"8,520",0,0,0
La Uniòn,2012.0,246,307,0,0,0,0,0,0,12,"3,972",0,0,"3,600","2,709","3,003",0,"12,225",0,0,0,"11,682"
La Victoria,2012.0,10,858,0,0,465,0,0,0,0,60,0,53,600,0,0,0,420,0,0,0,26
Obando,2012.0,59,"7,590",0,0,"2,100",0,0,0,0,0,0,81,111,0,0,0,660,0,0,0,0
Palmira,2012.0,660,898,0,0,"1,360",0,0,0,75,72,87,0,352,0,0,118,0,"1,060",0,98,72
Pradera,2012.0,40,300,0,0,203,0,0,0,300,140,15,0,0,0,0,20,0,0,0,30,0
Restrepo,2012.0,459,473,128,0,300,0,0,8,0,176,915,0,152,0,0,72,0,"25,800",600,54,0
Riofrìo,2012.0,43,"4,370",0,0,"1,220",0,0,33,0,106,621,0,0,0,0,11,200,0,0,0,0
Roldanillo,2012.0,150,675,0,0,350,0,0,72,119,"1,776",10,0,"3,710",875,"1,211",6,"16,200",0,66,0,30
San Pedro,2012.0,138,455,0,0,420,0,0,300,60,0,78,90,938,0,0,84,900,0,0,0,0
Sevilla,2012.0,"9,600","44,375",0,0,"29,548",0,0,188,0,0,"1,420",0,0,0,0,51,0,0,0,0,0
Toro,2012.0,77,63,0,0,560,0,0,0,981,"1,356",0,0,0,"1,456","1,568",0,"3,150",0,0,0,"4,956"
Trujillo,2012.0,181,"8,469",0,0,224,0,0,0,0,37,28,0,0,90,30,220,280,20,0,0,98
Tuluà,2012.0,97,"4,296",0,0,"1,524",0,0,72,162,120,393,0,"1,210",0,0,0,"9,620",0,0,630,140
Ulloa,2012.0,695,"3,739",0,0,65,0,0,0,0,0,0,0,0,0,0,0,0,"2,412",0,0,0
Versalles,2012.0,2,410,0,0,0,0,0,140,0,0,536,0,40,0,0,39,80,0,8,0,0
Vijes,2012.0,35,220,0,0,223,0,0,0,0,0,30,15,0,0,0,0,900,"4,050",0,0,0
Yotoco,2012.0,"1,188",0,0,0,85,0,0,35,0,414,207,0,99,0,0,0,"2,850",10,5,0,0
Yumbo,2012.0,558,68,0,0,287,0,0,30,50,91,42,180,60,150,320,8,360,350,2,3,120
Zarzal,2012.0,0,0,0,0,"9,827",0,0,0,150,61,0,0,57,750,17,0,236,266,0,0,0
Municipios,año,Aguacate,Bananito,Banano,Borojó,Chontaduro,Citricos,Coco,Granadilla,Guana bana,Guayaba,Lulo,Mango,Maracuyá,Melón a,Melon b,Mora,Papaya,Piña,Pitaya,Tomate Arbol,Vid
Cali,2011.0,75,200,0,0,508,0,0,0,0,221,60,48,0,0,0,98,0,0,0,96,0
Alcalá,2011.0,241,315,15,0,"1,411",0,0,0,0,0,0,0,0,0,0,0,0,538,0,0,0
Andalucia,2011.0,72,0,0,0,"4,081",0,0,0,0,0,0,0,350,0,0,0,"7,560",0,0,0,0
Ansermanuevo,2011.0,83,525,0,0,1,0,0,30,0,0,10,100,36,0,0,21,0,0,0,0,0
Argelia,2011.0,"1,030","6,460",0,0,20,0,0,0,0,0,28,0,0,0,0,8,0,0,0,0,0
Bolivar,2011.0,132,678,0,0,600,80,0,465,42,"2,435",853,0,"1,050","1,512","1,428",160,"1,404","2,480",140,210,213
Buenaventura,2011.0,0,"1,651","6,058","9,732",0,"48,664","3,852",0,0,143,0,0,0,0,0,0,0,0,0,0,0
Buga,2011.0,112,"1,400",0,0,"1,050",0,0,27,65,330,60,66,95,0,0,125,90,"4,750",0,225,2
Bugalagrande,2011.0,270,0,0,0,"16,520",0,0,63,495,108,0,0,112,0,0,0,0,0,120,0,0
Caicedonia,2011.0,"3,015","3,795",0,0,"31,140",0,0,80,240,64,0,0,180,0,0,0,0,"2,400",0,0,0
Calima Darién,2011.0,"1,875",0,0,0,0,0,0,90,0,50,65,0,0,0,0,243,0,0,27,40,0
Candelaria,2011.0,0,0,0,0,334,0,0,0,0,416,0,0,160,0,0,0,0,0,0,0,0
Cartago,2011.0,26,175,0,0,"2,004",0,0,0,0,38,6,0,24,0,0,0,0,0,0,0,0
Dagua,2011.0,350,"1,320",0,0,936,84,0,0,0,0,288,0,108,0,0,0,0,"30,600",0,0,0
El Aguila,2011.0,9,79,0,0,330,0,0,48,0,0,42,0,0,0,0,50,0,0,0,36,0
El Cairo,2011.0,82,"5,580",0,0,0,0,0,9,0,0,32,0,0,0,0,14,0,0,50,0,0
El Cerrito,2011.0,103,66,0,0,260,0,0,0,0,0,0,0,0,0,0,50,0,0,0,0,"1,085"
El Dovio,2011.0,8,296,0,0,0,0,0,15,0,0,540,0,5,0,0,12,0,0,14,0,0
Florida,2011.0,36,"2,754",0,0,"2,430",0,0,24,192,90,150,64,0,0,0,135,0,0,0,75,0
Ginebra,2011.0,0,7,0,0,7,0,0,27,0,0,29,0,0,0,0,11,0,0,0,0,"1,199"
Guacarì,2011.0,480,"2,370",0,0,580,0,0,0,190,405,294,0,750,0,0,490,"1,920",0,0,210,"3,780"
Jamundì,2011.0,41,100,0,0,"7,000",0,0,0,33,104,0,270,0,0,0,88,70,0,0,14,0
La Cumbre,2011.0,0,334,0,0,0,0,0,0,0,0,162,0,0,0,0,0,0,"5,840",0,0,0
La Uniòn,2011.0,0,233,0,0,0,0,0,0,42,"4,692",0,0,948,"3,950","4,900",0,"3,968",0,0,0,"9,504"
La Victoria,2011.0,10,858,0,0,465,0,0,0,0,60,0,53,600,0,0,0,420,0,0,0,26
Obando,2011.0,45,"7,690",0,0,"1,778",0,0,0,0,0,0,60,136,0,0,0,660,0,0,0,0
Palmira,2011.0,50,643,0,0,"1,216",0,0,0,75,69,87,0,145,0,0,118,0,263,0,95,71
Pradera,2011.0,40,300,0,0,13,0,0,0,300,140,15,0,0,0,0,20,0,0,0,30,0
Restrepo,2011.0,383,458,88,0,306,0,0,0,0,168,503,0,144,0,0,32,0,"30,540",350,18,0
Riofrìo,2011.0,43,"4,370",0,0,"1,220",0,0,33,0,106,621,0,0,0,0,11,200,0,0,0,0
Roldanillo,2011.0,150,650,0,0,306,0,0,72,100,"1,792",24,0,"3,188","4,095","2,042",13,"19,901",0,43,0,35
San Pedro,2011.0,129,511,0,0,350,0,0,0,43,0,92,75,932,0,0,84,0,0,0,91,0
Sevilla,2011.0,"3,840","43,125",0,0,"35,157",0,0,45,0,0,510,0,0,0,0,51,0,0,0,0,0
Toro,2011.0,77,138,0,0,"1,720",0,0,0,"3,042","1,044",0,0,0,"1,260","1,232",0,"3,745",0,0,0,"4,980"
Trujillo,2011.0,270,"10,585",0,0,56,0,0,0,12,30,0,0,16,0,0,227,0,80,0,0,20
Tuluà,2011.0,177,"4,200",0,0,"1,688",0,0,72,162,120,465,42,"1,210",0,0,494,"9,620",0,0,530,140
Ulloa,2011.0,686,"2,548",41,0,"6,720",0,0,0,0,0,0,0,0,0,0,0,0,"1,502",0,0,0
Versalles,2011.0,76,696,0,0,0,0,0,210,0,0,170,0,8,0,0,49,0,0,0,0,0
Vijes,2011.0,46,190,0,0,212,0,0,0,0,0,0,10,0,0,0,0,"2,470","5,600",0,0,0
Yotoco,2011.0,"1,188",0,0,0,74,0,0,0,0,487,173,0,121,0,0,0,"3,000",599,3,0,0
Yumbo,2011.0,390,51,0,0,756,0,0,40,64,145,43,186,"1,511",0,100,5,"2,784",550,4,12,25
Zarzal,2011.0,0,0,0,0,"9,320",0,0,0,625,101,0,0,354,"1,463","1,500",0,600,95,0,0,0
Municipios,año,Aguacate,Bananito,Banano,Borojó,Chontaduro,Citricos,Coco,Granadilla,Guana bana,Guayaba,Lulo,Mango,Maracuyá,Melón a,Melon b,Mora,Papaya,Piña,Pitaya,Tomate Arbol,Vid
Cali,2010.0,120,160,0,0,600,0,0,0,0,270,96,48,0,0,0,120,0,0,0,96,0
Alcalá,2010.0,195,693,42,0,"2,352",0,0,40,0,0,0,0,0,0,0,0,0,"1,232",0,0,0
Andalucia,2010.0,130,0,0,0,"8,819",0,0,0,0,0,0,0,"1,800",0,0,0,"11,760",0,0,0,0
Ansermanuevo,2010.0,159,525,0,0,3,0,0,18,102,0,13,100,29,"1,320","1,152",54,0,0,10,0,0
Argelia,2010.0,"1,030","6,460",0,0,20,0,0,0,0,0,28,0,0,0,0,0,0,0,0,0,0
Bolivar,2010.0,203,552,0,0,660,24,0,780,42,"3,000",825,0,754,"2,268","1,890",138,"1,809","1,680",144,196,213
Buenaventura,2010.0,0,"1,300","3,400","9,756",0,"48,608","3,900",0,0,169,0,0,0,0,0,0,0,0,0,0,0
Buga,2010.0,117,"1,430",0,0,"1,050",0,0,40,78,396,112,80,600,0,0,196,450,"5,000",0,330,3
Bugalagrande,2010.0,370,0,0,0,"17,080",0,0,63,550,108,0,0,112,0,0,0,0,0,96,0,0
Caicedonia,2010.0,"3,015","3,675",0,0,"31,140",0,0,64,210,70,0,0,330,0,0,0,0,"1,100",0,0,0
Calima Darién,2010.0,"2,250",0,0,0,0,0,0,72,0,40,905,0,0,0,0,219,0,0,27,20,0
Candelaria,2010.0,0,0,0,0,334,0,0,0,0,526,0,0,160,0,0,0,0,0,0,0,0
Cartago,2010.0,0,175,0,0,"1,964",0,0,0,0,0,0,0,51,0,0,0,0,70,0,0,0
Dagua,2010.0,350,"1,210",0,0,936,84,0,0,0,0,288,0,108,0,0,0,0,"30,600",0,0,0
El Aguila,2010.0,9,110,0,0,102,0,0,56,0,0,84,0,0,0,0,110,0,0,0,48,0
El Cairo,2010.0,69,"5,667",0,0,0,0,0,26,0,0,47,0,0,0,0,4,0,0,33,11,0
El Cerrito,2010.0,103,66,0,0,260,0,0,0,0,0,0,0,135,0,0,50,0,0,0,0,"1,050"
El Dovio,2010.0,0,304,0,0,0,0,0,30,0,0,760,0,10,0,0,18,0,0,18,0,0
Florida,2010.0,36,"2,754",0,0,"2,430",0,0,24,192,90,150,64,0,0,0,135,0,0,0,75,0
Ginebra,2010.0,0,960,0,0,470,0,0,35,0,0,159,0,0,0,0,468,0,0,0,275,"1,500"
Guacarì,2010.0,480,"2,370",0,0,580,0,0,0,190,405,294,0,750,0,0,490,"1,920",0,0,210,"3,780"
Jamundì,2010.0,52,222,0,0,"8,676",0,0,0,24,48,120,378,160,0,0,200,200,0,0,24,0
La Cumbre,2010.0,0,384,0,0,0,0,0,0,0,0,240,0,0,0,0,0,0,"7,680",94,0,0
La Uniòn,2010.0,0,251,0,0,0,0,0,0,83,"6,285",0,0,"2,626","3,600",560,0,"6,840",0,0,0,"21,880"
La Victoria,2010.0,10,840,0,0,285,50,0,0,0,650,0,53,150,0,515,0,0,0,0,0,10
Obando,2010.0,42,"6,686",0,0,"1,050",0,0,0,0,0,0,67,170,0,0,0,880,0,0,0,0
Palmira,2010.0,510,632,0,0,"1,216",0,0,0,75,69,87,0,214,0,0,118,0,263,0,95,71
Pradera,2010.0,40,231,0,0,330,0,0,0,300,140,21,0,0,0,0,20,0,0,0,30,0
Restrepo,2010.0,366,383,40,0,276,0,0,0,0,192,773,0,132,0,0,48,0,"25,200",270,18,0
Riofrìo,2010.0,43,"4,370",0,0,"1,220",0,0,33,0,106,621,0,0,0,0,105,200,0,0,0,0
Roldanillo,2010.0,367,643,0,0,351,0,0,98,122,"1,819",56,0,"5,996","3,648","1,880",10,"20,873",0,57,0,299
San Pedro,2010.0,129,462,0,0,350,0,0,0,43,0,80,75,792,0,0,70,0,0,0,70,0
Sevilla,2010.0,0,"20,400",0,0,"14,027",0,0,75,0,0,648,0,0,0,0,45,0,0,0,0,0
Toro,2010.0,64,161,0,0,"1,740",0,0,0,"3,060","1,020",0,0,0,"1,260","1,120",0,"3,710",0,0,0,"4,980"
Trujillo,2010.0,270,"10,585",0,0,0,0,0,0,0,0,0,0,24,0,0,227,0,80,0,0,20
Tuluà,2010.0,189,"1,599",0,0,"1,706",0,0,56,162,120,450,42,"1,210",0,0,512,"9,620",0,0,520,140
Ulloa,2010.0,162,"3,459",0,0,"6,528",0,0,0,0,0,0,0,0,0,0,0,0,"1,632",0,0,0
Versalles,2010.0,0,724,0,0,0,0,0,420,0,0,255,0,32,0,0,59,0,0,0,49,0
Vijes,2010.0,167,280,0,0,201,0,0,0,0,0,0,10,0,0,0,0,390,"5,040",0,0,0
Yotoco,2010.0,"1,188",0,0,0,74,0,0,0,0,575,143,0,135,0,0,0,"3,000",500,0,0,0
Yumbo,2010.0,390,45,0,0,756,0,0,30,64,145,43,186,"1,016",0,100,4,"2,784",550,4,12,25
Zarzal,2010.0,0,0,0,0,"9,560",0,0,0,580,101,0,0,"2,590","2,700","1,800",0,"3,300",0,0,0,0
Municipios,año,Aguacate,Bananito,Banano,Borojó,Chontaduro,Citricos,Coco,Granadilla,Guana bana,Guayaba,Lulo,Mango,Maracuyá,Melón a,Melon b,Mora,Papaya,Piña,Pitaya,Tomate Arbol,Vid
Cali,2009.0,96,120,0,0,450,0,0,0,0,80,50,30,0,0,0,96,0,0,0,102,0
Alcalá,2009.0,157,693,42,0,"2,218",0,0,76,0,0,0,0,0,0,0,0,0,280,0,0,0
Andalucia,2009.0,400,0,0,0,"2,938",0,0,0,24,134,0,0,473,0,0,0,"9,360",0,0,0,0
Ansermanuevo,2009.0,241,465,0,0,12,0,0,47,51,0,8,100,402,0,0,30,0,0,10,0,0
Argelia,2009.0,"1,030","6,460",0,0,20,0,0,0,0,0,28,0,0,0,0,0,0,0,0,0,0
Bolivar,2009.0,210,600,0,0,620,24,0,312,42,"3,000",575,0,580,189,147,95,"1,377","1,840",153,175,189
Buenaventura,2009.0,0,"1,300","3,400","9,600",0,"48,538","3,900",0,0,169,0,0,0,0,0,0,0,0,0,0,0
Buga,2009.0,54,"1,100",0,0,365,0,0,20,95,462,28,90,300,0,0,112,40,"5,000",0,585,3
Bugalagrande,2009.0,360,"5,310",0,0,"12,880",0,0,64,550,108,0,0,112,0,0,0,0,0,112,0,0
Caicedonia,2009.0,"2,010","3,495",0,0,"30,540",0,0,0,180,0,0,0,465,0,0,0,0,0,0,0,0
Calima Darién,2009.0,"2,430",0,0,0,200,0,0,72,0,40,845,0,0,0,0,189,0,0,27,0,0
Candelaria,2009.0,0,0,0,0,329,0,0,0,0,516,0,0,0,0,0,0,0,0,0,0,0
Cartago,2009.0,0,175,0,0,646,0,0,0,0,0,0,0,71,0,0,0,0,105,0,0,0
Dagua,2009.0,350,990,0,216,936,77,0,0,0,550,423,0,0,0,0,0,0,"29,240",0,33,0
El Aguila,2009.0,9,79,0,0,100,0,0,48,0,0,42,0,0,0,0,61,0,0,0,36,0
El Cairo,2009.0,79,"5,667",0,0,0,0,0,27,0,0,32,0,0,0,0,24,0,0,33,0,0
El Cerrito,2009.0,96,66,0,0,255,0,0,0,0,0,0,0,285,0,0,50,0,0,0,0,"1,050"
El Dovio,2009.0,0,320,0,0,0,0,0,40,0,0,600,0,10,0,0,6,0,0,7,0,0
Florida,2009.0,12,"1,206",0,0,"2,790",0,0,0,138,90,98,48,0,0,0,196,0,0,0,176,0
Ginebra,2009.0,0,960,0,0,470,0,0,35,0,0,155,0,0,0,0,468,0,0,0,275,"1,500"
Guacarì,2009.0,280,"1,115",0,0,770,0,0,0,180,297,392,0,"1,350",0,0,425,286,0,0,240,"3,580"
Jamundì,2009.0,45,240,0,0,"8,532",0,0,18,24,48,150,350,100,0,0,480,640,0,0,12,0
La Cumbre,2009.0,0,201,0,0,83,0,0,0,0,0,216,0,0,0,0,0,0,"4,320",94,0,0
La Uniòn,2009.0,0,242,0,0,0,0,0,0,83,"5,880",0,0,"5,292","1,920","1,520",0,"8,720",0,0,0,"23,980"
La Victoria,2009.0,0,840,0,0,300,50,0,0,0,650,0,0,900,0,0,0,"7,620",0,0,0,10
Obando,2009.0,39,"4,400",0,0,"1,050",0,0,0,0,0,0,25,0,0,0,0,0,0,0,0,0
Palmira,2009.0,510,632,0,0,"1,216",0,0,0,75,69,87,250,214,0,0,118,0,263,0,95,71
Pradera,2009.0,40,210,0,0,325,0,0,0,300,140,15,0,0,0,0,20,0,0,0,30,0
Restrepo,2009.0,349,383,40,0,240,0,0,16,0,176,192,0,120,0,0,48,0,"25,800",230,24,0
Riofrìo,2009.0,43,"4,370",0,0,"1,220",0,0,33,0,350,621,0,0,0,0,105,200,0,0,0,0
Roldanillo,2009.0,367,625,0,0,341,0,0,122,150,960,56,0,"6,686",407,"2,038",4,"23,273",0,57,6,374
San Pedro,2009.0,129,385,0,0,364,0,0,0,43,0,60,75,700,0,0,56,0,0,0,75,0
Sevilla,2009.0,0,"23,715",0,0,"23,814",0,0,60,0,0,384,0,0,0,0,53,0,0,0,0,0
Toro,2009.0,60,161,0,0,"1,700",0,0,56,"2,880","1,020",23,0,0,"1,568","1,400",0,"3,500",0,0,0,"4,484"
Trujillo,2009.0,152,"5,818",0,0,150,0,0,40,0,0,91,0,64,105,0,116,280,0,42,0,0
Tuluà,2009.0,176,"1,599",0,0,"1,680",0,0,56,162,120,210,42,"1,210",0,0,422,"9,620",0,0,520,140
Ulloa,2009.0,440,713,10,0,"5,915",0,0,0,0,0,0,0,0,0,0,0,0,"1,520",0,0,0
Versalles,2009.0,0,724,0,0,0,0,0,574,0,0,272,0,60,0,0,24,0,0,0,35,0
Vijes,2009.0,154,170,0,0,187,0,0,0,0,144,0,32,0,0,0,0,120,"4,200",0,0,0
Yotoco,2009.0,"1,116",0,0,0,46,0,0,0,0,529,13,0,60,0,0,0,"1,976",41,60,0,0
Yumbo,2009.0,250,51,0,0,820,0,0,30,84,50,43,171,521,180,228,4,"2,477",630,4,6,30
Zarzal,2009.0,0,0,0,0,"9,400",0,0,0,900,"2,025",0,80,580,"4,050","2,250",0,"5,250",0,0,0,0
Municipios,año,Aguacate,Bananito,Banano,Borojó,Chontaduro,Citricos,Coco,Granadilla,Guana bana,Guayaba,Lulo,Mango,Maracuyá,Melón a,Melon b,Mora,Papaya,Piña,Pitaya,Tomate Arbol,Vid
Cali,2008.0,0,0,0,0,0,0,0,0,0,0,0,0,0,0,ERROR: #VALUE!,ERROR: #VALUE!,ERROR: #VALUE!,0,0,0,0
Alcalá,2008.0,0,0,0,0,0,0,0,0,0,0,0,0,0,0,0,0,0,0,0,0,0
Andalucia,2008.0,"12,382","59,762","4,239","6,576",89,"45,579",894,"41,832","3,410","1,237","8,056","10,023","9,474","3,123","40,931","9,035","1,376","27,207","102,808","8,173","1,341"
Ansermanuevo,2008.0,0,0,0,0,0,0,0,0,0,0,0,0,0,0,0,0,0,0,0,0,0
Argelia,2008.0,42,0,0,0,0,0,0,0,0,0,0,132,357,0,0,0,0,0,0,0,0
Bolivar,2008.0,385,693,0,0,0,0,0,0,0,0,0,0,0,0,0,0,0,0,0,0,0
Buenaventura,2008.0,0,0,0,0,0,0,0,0,0,0,102,0,0,0,0,0,0,0,0,0,0
Buga,2008.0,130,0,0,0,0,0,0,0,0,68,0,0,0,350,0,0,0,0,0,0,0
Bugalagrande,2008.0,"1,520",0,0,0,0,0,0,0,0,0,0,0,0,0,0,0,0,0,0,0,0
Caicedonia,2008.0,276,0,0,0,0,0,0,0,0,0,0,"1,275",0,0,"1,176","1,344",100,432,"2,880",113,231
Calima Darién,2008.0,0,"1,000","4,080",0,0,0,0,"41,604",0,0,0,0,0,0,0,0,0,0,0,0,0
Candelaria,2008.0,54,0,0,0,24,240,0,0,0,8,242,105,76,162,0,0,0,136,400,0,0
Cartago,2008.0,315,0,0,0,0,0,0,0,0,88,600,0,0,0,0,0,0,0,0,0,0
Dagua,2008.0,"2,535",0,0,0,0,0,0,0,0,0,0,0,0,0,0,0,0,0,0,0,0
El Aguila,2008.0,0,0,0,0,0,0,0,0,0,0,0,160,0,0,0,0,0,0,0,0,0
El Cairo,2008.0,0,0,0,0,0,0,0,0,0,0,0,0,0,0,0,0,0,0,0,0,0
El Cerrito,2008.0,0,0,0,0,0,0,0,0,0,0,0,0,0,0,0,0,0,0,0,0,0
El Dovio,2008.0,550,0,0,330,26,0,0,0,0,0,40,"1,080",0,0,0,0,0,0,0,0,0
Florida,2008.0,10,0,0,0,0,0,0,0,0,0,0,0,0,0,0,0,0,0,0,0,0
Ginebra,2008.0,74,0,0,0,0,0,0,0,0,0,0,0,0,0,0,0,0,0,0,0,0
Guacarì,2008.0,72,0,0,0,0,0,0,0,0,0,0,0,0,0,0,0,0,0,0,0,0
Jamundì,2008.0,0,0,0,0,0,0,0,0,0,0,0,0,0,0,0,0,0,0,0,0,0
La Cumbre,2008.0,20,0,0,0,0,423,0,0,0,0,110,35,75,0,0,0,0,0,0,0,0
La Uniòn,2008.0,0,0,0,0,0,188,0,0,0,0,0,0,0,0,0,0,0,0,0,0,0
La Victoria,2008.0,140,0,0,0,0,0,0,0,0,0,198,189,0,0,0,0,0,935,0,0,0
Obando,2008.0,21,0,0,0,0,0,0,0,0,0,48,27,228,238,0,0,0,"1,056",0,0,0
Palmira,2008.0,140,0,0,0,0,0,0,0,0,0,198,189,0,0,0,0,0,935,"1,920",221,204
Pradera,2008.0,0,0,0,0,0,0,0,0,0,0,121,0,0,0,"11,286","4,940",0,0,0,0,0
Restrepo,2008.0,0,0,0,0,0,0,0,0,0,0,0,0,0,0,0,0,0,0,0,0,0
Riofrìo,2008.0,88,0,0,0,0,0,0,0,0,0,0,0,0,0,0,0,0,0,0,0,0
Roldanillo,2008.0,765,0,0,0,0,0,0,0,0,0,0,0,55,450,0,0,0,0,0,0,0
San Pedro,2008.0,28,0,0,0,0,0,0,0,0,0,300,42,0,0,0,0,0,0,0,0,0
Sevilla,2008.0,278,376,0,0,0,0,0,0,0,0,0,73,0,0,0,0,0,0,0,"3,700",114
Toro,2008.0,46,0,0,0,0,0,0,0,0,0,0,257,0,0,0,0,0,333,0,0,0
Trujillo,2008.0,0,0,0,0,0,0,0,0,0,0,0,"1,120",0,0,"9,656","2,800",0,0,0,0,0
Tuluà,2008.0,98,0,0,0,0,0,0,0,0,0,0,0,240,52,0,0,0,112,0,0,0
Ulloa,2008.0,0,0,0,0,0,0,0,0,0,0,0,0,0,0,0,0,0,0,0,0,0
Versalles,2008.0,81,0,0,0,0,0,0,0,0,45,"4,080",696,0,0,0,0,0,0,0,0,0
Vijes,2008.0,160,0,0,0,0,0,0,0,0,0,0,0,0,0,0,0,0,0,0,0,0
Yotoco,2008.0,286,0,0,0,0,"1,820",0,0,0,0,0,0,0,0,0,0,0,"5,550",0,0,0
Yumbo,2008.0,"1,426",53,0,0,0,0,0,0,0,0,0,0,0,0,0,0,0,0,0,0,0
Zarzal,2008.0,0,0,0,0,0,0,0,0,0,0,0,0,0,0,0,0,0,0,0,0,0
Municipios,año,Aguacate,Bananito,Banano,Borojó,Chontaduro,Citricos,Coco,Granadilla,Guana bana,Guayaba,Lulo,Mango,Maracuyá,Melón a,Melon b,Mora,Papaya,Piña,Pitaya,Tomate Arbol,Vid
Cali,2007.0,101,70,0,0,435,0,0,0,0,128,88,33,0,0,0,15,0,0,0,95,0
Alcalà,2007.0,358,990,40,0,"5,231",0,0,0,0,0,0,0,0,0,0,0,0,640,0,0,0
Andalucia,2007.0,410,0,0,0,"6,365",0,0,0,560,157,0,0,"6,345",0,0,0,"11,097",0,0,0,0
Ansermanuevo,2007.0,153,302,0,0,326,0,0,90,225,0,0,75,0,0,0,54,975,0,65,0,0
Argelia,2007.0,704,"2,484",0,0,189,0,0,0,0,0,105,0,0,0,0,0,0,0,0,0,0
Bolivar,2007.0,112,444,0,0,388,0,0,312,0,"3,420",475,0,"1,559","2,310","2,100",85,"1,350","1,520",149,210,77
Buenaventura,2007.0,0,"1,651","3,610","9,684",0,"48,482","3,900",0,0,169,0,0,0,0,0,0,0,0,0,0,0
Buga,2007.0,80,"1,199",0,0,"1,095",0,0,40,160,616,180,100,130,0,0,301,100,"6,500",0,"1,665",3
Bugalagrande,2007.0,400,"5,040",0,0,"11,620",0,0,45,550,108,0,0,252,0,0,0,0,0,0,0,0
Caicedonia,2007.0,"2,028","3,495",0,0,"34,790",0,0,36,60,0,0,0,528,0,0,0,0,0,0,0,0
Candelaria,2007.0,0,0,0,0,130,0,0,0,0,464,0,0,735,0,0,0,0,0,0,0,0
Cartago,2007.0,0,175,0,0,"1,890",0,0,0,0,0,0,0,20,0,0,0,0,0,0,0,0
Dagua,2007.0,350,"1,045",0,242,"1,014",133,0,0,48,650,"1,134",0,0,0,0,0,0,"35,020",0,55,0
Darièn,2007.0,"2,970",0,0,0,600,0,0,27,0,200,765,0,0,0,0,171,0,0,126,17,0
El Aguila,2007.0,0,81,0,0,200,0,0,144,0,0,84,0,0,0,0,281,0,0,0,102,0
El Cairo,2007.0,0,492,0,0,0,0,0,18,0,0,6,0,0,0,0,41,0,0,0,0,0
El Cerrito,2007.0,0,76,0,0,340,0,0,0,0,0,0,0,540,0,0,80,0,0,0,0,"1,190"
El Dovio,2007.0,0,400,0,0,72,0,0,50,0,10,480,0,10,0,0,6,0,0,8,0,0
Florida,2007.0,79,"1,050",0,0,"3,760",0,0,0,128,108,98,0,0,0,0,98,0,0,0,92,0
Ginebra,2007.0,0,916,0,0,470,0,0,35,0,0,155,0,0,0,0,442,0,0,0,275,"1,500"
Guacarì,2007.0,280,"2,415",0,0,0,0,0,0,190,297,392,0,"1,050",0,0,380,242,0,0,108,"3,000"
Jamundì,2007.0,60,154,0,0,"10,080",20,0,0,64,41,53,375,375,0,0,58,100,300,0,18,0
La Cumbre,2007.0,0,195,0,0,37,0,0,0,0,144,150,0,0,0,0,0,0,"3,200",94,0,0
La Uniòn,2007.0,0,242,0,0,0,0,0,0,93,"5,550",0,0,"8,316","4,940","3,800",0,"30,800",0,0,0,"19,000"
La Victoria,2007.0,0,"1,020",0,0,300,100,0,0,0,670,0,0,900,0,0,0,630,0,0,0,10
Obando,2007.0,36,"5,920",0,0,963,20,0,0,5,0,0,46,0,0,0,0,0,0,0,0,0
Palmira,2007.0,510,930,0,0,"1,134",0,0,0,72,0,23,250,207,0,0,24,0,200,0,62,110
Pradera,2007.0,32,350,0,0,325,0,0,0,340,340,15,0,0,0,0,20,0,0,0,30,0
Restrepo,2007.0,281,396,24,0,180,0,0,30,0,232,245,0,90,0,0,40,0,"26,600",200,18,0
Riofrìo,2007.0,34,"4,370",0,0,"1,200",0,0,33,0,374,516,0,0,0,0,110,252,0,0,0,0
Roldanillo,2007.0,"1,808",0,0,0,"1,760",0,0,0,0,"1,680",336,0,"8,700","2,000","2,600",0,"14,000",0,420,0,"1,120"
San Pedro,2007.0,106,420,0,0,343,0,0,0,40,0,48,90,91,0,0,63,70,0,0,49,0
Sevilla,2007.0,0,"8,320",0,0,"19,845",0,0,56,0,0,640,0,0,0,0,36,0,0,0,0,0
Toro,2007.0,63,120,0,0,"1,530",0,0,48,"4,080","1,680",48,0,0,0,"1,984",0,"7,200",0,0,0,"7,680"
Trujillo,2007.0,152,"4,800",0,0,200,0,0,0,0,0,132,0,0,100,114,"2,310",272,0,16,0,0
Tuluà,2007.0,190,"2,624",0,0,"5,100",0,0,0,525,550,761,475,"2,225",0,0,270,"7,440",0,0,196,158
Ulloa,2007.0,410,72,0,0,"6,460",0,0,0,0,0,0,0,0,0,0,0,0,640,0,0,0
Versalles,2007.0,0,724,0,0,0,0,0,653,0,0,620,0,84,0,0,20,0,0,0,72,0
Vijes,2007.0,48,153,0,0,192,0,0,0,0,140,40,60,0,0,0,0,120,"5,600",0,0,0
Yotoco,2007.0,189,0,0,0,28,0,0,0,0,400,14,0,0,0,0,0,"6,105",0,18,0,0
Yumbo,2007.0,264,160,0,0,731,0,0,12,112,90,6,140,94,0,0,0,53,225,3,5,60
Zarzal,2007.0,0,0,0,0,"8,800",0,0,0,560,"1,125",0,0,400,0,0,0,980,0,0,0,0
Municipios,año,Aguacate,Bananito,Banano,Borojó,Chontaduro,Citricos,Coco,Granadilla,Guana bana,Guayaba,Lulo,Mango,Maracuyá,Melón a,Melon b,Mora,Papaya,Piña,Pitaya,Tomate Arbol,Vid
Cali,2006.0,107,63,0,0,"1,600",0,0,0,0,315,50,0,0,0,0,36,0,0,0,118,0
Alcalà,2006.0,198,940,40,0,"5,219",0,0,0,0,0,0,0,0,0,0,0,0,640,0,0,0
Andalucia,2006.0,90,0,0,0,"5,400",0,0,0,66,59,0,0,"1,845",0,0,0,"1,375",0,0,0,0
Ansermanuevo,2006.0,153,302,0,0,326,0,0,90,225,0,0,50,0,0,0,54,0,0,65,35,0
Argelia,2006.0,420,"2,400",0,0,180,0,0,0,0,0,105,0,0,0,0,0,0,0,0,0,0
Bolivar,2006.0,70,396,0,0,448,0,0,360,54,"3,645",550,0,"1,807","3,780","1,890",100,"1,512","1,200",162,175,118
Buenaventura,2006.0,0,"1,170","3,000","9,684",0,"48,440","3,900",0,0,169,0,0,0,0,0,0,0,0,0,0,0
Buga,2006.0,56,"1,034",0,0,945,0,0,30,135,546,245,90,120,0,0,231,220,"5,900",0,"3,434",3
Bugalagrande,2006.0,280,"5,000",0,0,"11,620",0,0,45,550,102,168,0,252,0,0,0,225,0,0,0,0
Caicedonia,2006.0,"1,896","3,750",0,0,"32,900",0,0,0,0,0,0,0,528,0,0,0,0,0,0,0,0
Candelaria,2006.0,0,0,0,0,130,0,0,0,0,614,0,0,735,0,0,0,0,0,0,0,0
Cartago,2006.0,0,175,0,0,"1,913",0,0,0,0,0,0,0,20,0,0,0,0,0,0,0,0
Dagua,2006.0,400,"1,500",0,242,"1,350",168,0,0,72,"1,500","1,410",0,0,0,0,0,0,"35,535",0,210,0
Darièn,2006.0,"3,090",0,0,0,640,0,0,0,0,220,350,0,0,0,0,141,0,0,126,0,0
El Aguila,2006.0,0,81,0,0,200,0,0,160,0,0,84,0,0,0,0,281,0,0,0,108,0
El Cairo,2006.0,0,436,0,0,0,0,0,18,0,0,12,0,0,0,0,45,0,0,0,0,0
El Cerrito,2006.0,0,69,0,0,340,0,0,0,0,0,0,0,0,0,0,0,0,0,0,0,"2,760"
El Dovio,2006.0,0,293,0,0,54,0,0,130,0,5,600,0,10,0,0,6,0,0,36,0,0
Florida,2006.0,112,"1,370",0,0,"3,800",0,0,0,128,108,189,277,0,0,0,190,0,0,0,121,0
Ginebra,2006.0,0,916,0,0,470,0,0,35,0,0,155,0,0,0,0,442,0,0,0,275,"1,500"
Guacarì,2006.0,280,"20,800",0,0,"1,000",0,0,0,220,297,350,0,"1,200",0,0,350,70,0,0,104,"3,000"
Jamundì,2006.0,72,154,0,0,"6,380",20,0,0,40,82,125,675,98,0,0,419,260,450,0,25,0
La Cumbre,2006.0,0,240,0,0,41,0,0,0,0,180,181,0,0,0,0,0,0,"2,872",94,0,0
La Uniòn,2006.0,0,253,0,0,860,0,0,0,93,"4,800",0,120,"4,200","3,040","3,800",0,"21,000",0,0,0,"15,200"
La Victoria,2006.0,0,0,0,0,300,60,0,0,0,670,0,0,300,0,0,0,0,0,0,0,10
Obando,2006.0,41,"6,501",0,0,"1,175",0,0,0,0,0,0,174,0,0,0,0,0,0,0,0,0
Palmira,2006.0,250,731,0,0,"1,134",0,0,0,72,420,40,0,144,0,0,135,0,760,0,80,110
Pradera,2006.0,32,350,0,0,325,0,0,0,340,340,15,0,0,0,0,20,0,0,0,30,0
Restrepo,2006.0,281,396,24,0,156,0,0,30,0,272,238,0,60,0,0,32,30,"24,150",224,18,0
Riofrìo,2006.0,0,0,0,0,"1,200",0,0,0,0,374,516,0,0,0,0,110,0,0,0,0,0
Roldanillo,2006.0,"1,594",0,0,0,"1,600",0,0,0,0,"1,680",336,0,"8,700","2,600",700,0,"6,160",0,420,0,"1,120"
San Pedro,2006.0,106,388,0,0,329,0,0,0,38,0,42,68,63,0,0,46,49,0,0,32,0
Sevilla,2006.0,0,"12,000",0,0,"18,585",0,0,0,72,0,560,0,0,0,0,0,0,0,0,0,0
Toro,2006.0,63,270,0,0,"1,530",0,0,95,"6,120","2,040",0,0,0,"2,720","2,240",0,"6,750",0,0,0,"5,760"
Trujillo,2006.0,136,"4,785",0,0,225,0,0,0,0,0,180,0,0,0,114,"1,495",136,24,54,300,0
Tuluà,2006.0,132,"2,273",0,0,"4,200",0,0,0,380,455,306,475,960,0,0,"1,020","6,120",0,0,149,158
Ulloa,2006.0,435,70,0,0,"6,650",0,0,0,0,0,0,0,0,0,0,0,0,640,0,0,0
Versalles,2006.0,0,724,0,0,0,0,0,725,0,0,775,0,84,0,0,12,0,0,0,72,0
Vijes,2006.0,0,198,0,0,216,0,0,0,0,140,60,95,0,0,0,0,120,"4,900",0,0,0
Yotoco,2006.0,"2,730",112,0,0,100,0,0,0,0,375,18,0,608,0,0,0,"3,910",0,39,0,0
Yumbo,2006.0,264,200,0,0,"1,074",0,0,0,116,90,40,150,0,33,0,0,175,0,0,0,54
Zarzal,2006.0,0,0,0,0,"9,320",0,0,0,816,760,0,34,0,0,0,0,"1,800",0,0,0,0
Municipios,año,Aguacate,Bananito,Banano,Borojó,Chontaduro,Citricos,Coco,Granadilla,Guana bana,Guayaba,Lulo,Mango,Maracuyá,Melón a,Melon b,Mora,Papaya,Piña,Pitaya,Tomate Arbol,Vid
Cali,2005.0,107,63,0,0,"1,800",0,0,0,0,315,50,0,0,0,0,36,0,0,0,118,0
Alcalà,2005.0,198,810,40,0,"5,219",0,0,0,0,0,0,0,0,0,0,0,0,160,0,0,0
Andalucia,2005.0,65,331,0,0,"4,410",0,0,0,61,59,0,0,0,0,0,0,0,0,0,0,0
Ansermanuevo,2005.0,143,302,0,0,326,0,0,30,195,0,0,50,0,0,0,45,143,0,60,13,0
Argelia,2005.0,0,"2,400",0,0,84,0,0,0,0,0,132,0,0,0,0,0,0,0,0,0,0
Bolivar,2005.0,29,300,0,0,408,0,0,660,54,"4,245",425,0,725,"3,780","3,780",125,"1,026","1,120",162,210,55
Buenaventura,2005.0,0,"1,634","3,600","3,254",0,"15,668","3,972",0,0,150,0,0,0,0,0,0,0,0,0,0,0
Buga,2005.0,40,979,0,0,855,0,0,30,135,546,235,90,120,0,0,182,160,"5,900",0,"3,434",3
Bugalagrande,2005.0,280,"6,077",0,0,"11,890",0,0,45,550,102,168,0,252,0,0,0,225,0,0,0,0
Caicedonia,2005.0,"1,668","3,450",0,0,"32,900",0,0,0,0,0,0,0,396,0,0,0,0,300,0,0,0
Candelaria,2005.0,30,0,0,0,150,0,0,0,27,53,0,0,"1,066",0,0,0,0,440,0,0,0
Cartago,2005.0,0,350,0,0,"1,913",0,0,0,23,0,0,0,51,0,0,0,0,0,0,0,0
Dagua,2005.0,400,"1,320",0,242,"1,245",168,0,0,72,"1,032","1,350",0,0,0,0,0,0,"20,700",0,210,0
Darièn,2005.0,"3,090",0,0,0,190,0,0,8,0,220,300,0,0,0,0,82,0,0,117,0,0
El Aguila,2005.0,222,81,0,0,200,0,0,160,0,0,84,0,0,0,0,281,0,0,0,102,0
El Cairo,2005.0,0,462,0,0,0,0,0,0,0,0,49,0,0,0,0,25,0,0,0,0,0
El Cerrito,2005.0,0,72,0,0,342,0,0,0,0,0,0,0,0,152,152,0,0,0,0,0,621
El Dovio,2005.0,0,180,0,0,54,0,0,110,0,3,280,0,33,0,0,12,0,0,0,0,0
Florida,2005.0,112,"1,372",0,0,"3,776",0,0,0,128,113,189,277,0,0,0,190,0,0,0,122,0
Ginebra,2005.0,0,916,0,0,462,0,0,35,0,0,155,0,23,0,0,421,0,0,0,275,"1,500"
Guacarì,2005.0,238,"1,365",0,0,"1,171",0,0,0,124,297,114,0,"1,050",0,0,225,300,0,0,58,"3,078"
Jamundì,2005.0,60,116,0,0,"5,920",16,0,0,41,72,90,675,90,0,0,324,260,372,0,16,0
La Cumbre,2005.0,25,185,0,0,41,0,0,56,0,478,176,0,0,0,0,1,0,"2,872",94,0,0
La Uniòn,2005.0,0,232,0,0,760,0,0,280,93,"4,800",68,110,"3,360","3,249","3,515",0,"8,400",0,62,0,"12,350"
La Victoria,2005.0,9,"1,910",0,0,300,100,0,0,0,536,0,0,120,0,0,0,0,0,0,0,24
Obando,2005.0,41,"6,501",0,0,"1,175",0,0,0,0,0,0,174,0,0,0,0,0,0,0,0,0
Palmira,2005.0,160,731,0,0,"1,134",0,0,0,9,360,38,0,72,0,0,45,0,760,0,80,85
Pradera,2005.0,33,350,0,0,325,0,0,0,272,340,15,0,0,0,0,20,0,75,0,30,0
Restrepo,2005.0,213,383,18,0,132,0,0,50,0,128,231,0,45,0,0,12,135,"20,300",168,18,0
Riofrìo,2005.0,280,"4,175",0,0,"1,429",0,0,92,26,374,624,0,0,0,0,114,216,0,25,0,29
Roldanillo,2005.0,18,504,0,0,"1,638",0,0,128,0,"1,400",120,0,"6,950","2,520","2,400",13,"14,706",0,350,15,"1,056"
San Pedro,2005.0,83,387,0,0,323,0,0,0,8,34,36,71,56,0,0,45,49,0,0,29,0
Sevilla,2005.0,0,"13,600",0,0,"17,415",0,0,0,64,0,184,0,0,0,0,0,0,0,0,0,0
Toro,2005.0,55,280,0,0,900,0,0,550,"4,128","1,400",0,0,450,"1,600","2,080",0,"7,200",0,0,0,"3,000"
Trujillo,2005.0,112,"5,605",0,0,195,0,0,120,0,0,144,0,50,152,152,"1,320",102,24,81,375,0
Tuluà,2005.0,200,"5,500",0,0,"2,500",0,0,31,315,120,128,30,625,0,0,816,"3,520",0,0,160,158
Ulloa,2005.0,434,76,0,0,"6,640",0,0,0,0,0,0,0,0,0,0,0,0,160,0,0,0
Versalles,2005.0,0,740,0,0,0,0,0,755,0,12,422,0,91,0,0,9,0,0,0,90,0
Vijes,2005.0,43,82,0,0,270,0,0,0,0,201,95,67,0,0,0,0,0,935,0,9,0
Yotoco,2005.0,"1,100",112,0,0,42,0,0,0,0,234,21,0,44,0,0,0,900,0,39,0,0
Yumbo,2005.0,264,200,0,0,855,0,0,0,116,90,40,150,0,0,0,0,40,0,0,0,54
Zarzal,2005.0,0,0,0,0,"4,240",0,0,0,160,"1,427",0,68,836,0,360,0,"1,620",0,0,0,21
Municipios,año,Aguacate,Bananito,Banano,Borojó,Chontaduro,Citricos,Coco,Granadilla,Guana bana,Guayaba,Lulo,Mango,Maracuyá,Melón a,Melon b,Mora,Papaya,Piña,Pitaya,Tomate Arbol,Vid
Cali,2004.0,107,63,0,0,"1,717",0,0,0,0,315,50,0,0,0,0,34,0,0,0,107,0
Alcalà,2004.0,176,683,21,0,"5,219",0,0,0,0,0,20,0,0,0,0,0,0,196,0,0,0
Andalucia,2004.0,65,331,0,0,"4,410",0,0,0,61,59,0,0,37,0,0,0,0,0,0,0,10
Ansermanuevo,2004.0,143,302,0,0,326,0,0,221,195,0,0,50,0,0,0,5,143,0,68,13,0
Argelia,2004.0,0,"1,874",0,0,14,0,0,129,0,0,102,0,0,0,0,0,0,0,0,0,0
Bolivar,2004.0,29,300,0,0,298,0,0,811,50,"3,312",150,0,210,"2,532","3,020",128,948,"2,960",255,161,353
Buenaventura,2004.0,0,881,"3,696","1,950",0,"15,107","4,719",0,0,242,0,0,0,0,0,0,0,0,0,0,0
Buga,2004.0,49,958,0,0,755,0,0,30,150,443,175,175,100,0,0,439,294,"4,512",6,"4,092",10
Bugalagrande,2004.0,280,"6,269",0,0,"11,357",0,0,18,550,96,72,0,133,0,0,0,230,0,0,0,0
Caicedonia,2004.0,"3,240","1,561",0,0,"31,850",0,0,0,0,0,0,0,0,0,0,0,0,0,0,0,0
Candelaria,2004.0,15,0,0,0,137,0,0,0,27,0,0,0,0,0,0,0,0,240,0,0,0
Cartago,2004.0,0,332,0,0,"1,913",0,0,0,23,0,0,0,36,0,0,0,0,0,0,0,0
Dagua,2004.0,122,"1,600",0,138,933,187,0,0,0,"1,032",565,0,184,0,0,0,0,"28,939",59,127,0
Darièn,2004.0,"3,065",0,0,,190,0,0,32,0,220,250,0,0,0,0,82,0,0,75,0,0
El Aguila,2004.0,241,31,0,0,210,0,0,94,0,0,70,0,0,0,0,281,0,0,0,119,0
El Cairo,2004.0,0,436,0,0,0,0,0,77,0,0,57,0,0,0,0,24,0,0,21,41,0
El Cerrito,2004.0,0,72,0,0,342,0,0,0,0,0,0,0,0,0,0,0,0,0,0,0,"2,736"
El Dovio,2004.0,0,643,0,0,126,0,0,110,0,16,490,0,66,0,0,23,0,0,0,13,0
Florida,2004.0,112,"1,372",0,0,"3,776",0,0,0,128,113,189,277,0,0,0,183,305,"1,793",0,122,0
Ginebra,2004.0,0,687,0,0,416,0,0,21,0,0,105,0,176,0,0,405,0,0,0,294,"4,500"
Guacarì,2004.0,226,"2,186",0,0,"1,525",0,0,0,32,176,141,0,810,0,0,198,118,0,0,31,"2,218"
Jamundì,2004.0,52,80,0,0,"5,920",0,0,0,57,160,56,0,96,0,0,332,0,960,0,6,0
La Cumbre,2004.0,25,81,0,0,41,0,0,56,0,239,74,0,0,0,0,1,0,"2,872",94,0,0
La Uniòn,2004.0,0,86,0,0,624,0,0,280,195,"3,575",26,110,"2,874","3,658","2,534",0,"1,940",0,51,68,"5,231"
La Victoria,2004.0,9,"1,902",0,0,851,90,0,0,0,517,0,0,330,0,0,0,0,0,0,0,36
Obando,2004.0,41,"6,501",0,0,"1,175",0,0,0,0,0,0,174,0,0,0,0,0,0,0,0,0
Palmira,2004.0,243,964,0,0,948,0,0,0,7,450,60,0,20,0,0,41,0,950,0,120,60
Pradera,2004.0,33,343,0,0,465,0,0,0,272,376,53,0,0,0,0,102,0,0,0,83,0
Restrepo,2004.0,417,347,12,0,132,0,0,50,0,122,107,0,30,0,0,10,15,"9,429",159,25,0
Riofrìo,2004.0,271,"3,992",0,0,"1,397",0,0,155,22,336,550,0,0,0,0,86,281,0,19,0,23
Roldanillo,2004.0,68,910,0,0,"1,443",0,0,581,0,552,114,17,"6,506","1,080","1,000",17,"1,050",0,300,16,768
San Pedro,2004.0,83,387,0,0,323,0,0,0,8,26,36,60,28,0,0,45,21,0,0,22,0
Sevilla,2004.0,0,"4,344",0,0,"12,754",0,0,0,,0,440,0,0,0,0,0,0,0,0,0,0
Toro,2004.0,55,193,0,0,612,0,0,"1,273","1,562","4,030",67,0,"3,724","1,146","1,587",0,"1,248",0,0,72,"2,535"
Trujillo,2004.0,58,"2,067",0,0,195,0,0,"1,009",0,0,720,0,38,152,171,"2,127",204,240,108,375,0
Tuluà,2004.0,190,"4,041",0,0,880,0,0,14,170,120,91,19,171,0,0,777,140,0,0,132,158
Ulloa,2004.0,434,76,0,0,"6,640",0,0,0,0,5,78,0,0,0,0,0,0,"1,404",0,0,0
Versalles,2004.0,0,0,0,0,0,0,0,851,0,12,366,0,26,0,0,24,0,0,0,96,0
Vijes,2004.0,31,79,0,0,240,0,0,0,0,156,173,56,0,0,0,0,0,"3,338",0,0,0
Yotoco,2004.0,567,98,0,0,39,0,0,0,8,114,9,0,0,0,0,0,50,0,35,0,0
Yumbo,2004.0,226,171,0,0,855,0,0,0,116,82,68,150,16,0,0,20,0,245,0,18,46
Zarzal,2004.0,0,0,0,0,"2,883",0,0,0,76,365,0,0,0,0,0,0,0,0,0,0,34
Municipios,año,Aguacate,Bananito,Banano,Borojó,Chontaduro,Citricos,Coco,Granadilla,Guana bana,Guayaba,Lulo,Mango,Maracuyá,Melón a,Melon b,Mora,Papaya,Piña,Pitaya,Tomate Arbol,Vid
Cali,2003.0,78,0,0,0,"1,206",0,0,0,0,500,60,0,0,0,0,45,0,0,0,84,0
Alcalà,2003.0,123,0,0,0,"5,488",0,0,0,0,0,74,0,0,0,0,0,0,140,0,0,0
Andalucia,2003.0,65,331,0,0,"4,451",0,0,0,61,59,0,0,77,0,0,0,53,0,0,0,10
Ansermanuevo,2003.0,13,402,0,0,326,0,0,350,150,0,0,20,0,0,0,72,100,0,0,22,0
Argelia,2003.0,0,0,0,0,18,0,0,111,0,0,364,0,0,0,0,26,0,0,0,17,0
Bolivar,2003.0,29,420,0,0,298,0,0,"2,551",50,"4,002",450,0,700,"1,899","2,114",130,"1,276","2,738",158,231,673
Buenaventura,2003.0,0,"1,700","3,881","2,916",0,"9,712","3,400",0,0,242,0,0,0,0,0,0,0,0,0,0,0
Buga,2003.0,49,958,0,0,755,0,0,113,272,341,175,175,100,0,0,325,210,"6,000",23,"3,591",10
Bugalagrande,2003.0,275,"6,634",0,0,"11,483",0,0,34,550,81,138,0,119,0,0,0,215,0,0,0,0
Caicedonia,2003.0,"3,360","1,669",0,0,"27,666",0,0,0,0,0,0,0,0,0,0,0,0,0,0,0,0
Candelaria,2003.0,15,0,0,0,137,0,0,0,27,0,0,0,0,0,0,0,0,0,0,0,0
Cartago,2003.0,0,332,0,0,"1,857",0,0,0,21,0,0,0,47,0,0,0,0,0,0,0,0
Dagua,2003.0,122,"1,200",0,138,933,200,0,0,0,"1,020",791,0,161,0,0,0,0,"27,876",59,120,0
Darièn,2003.0,"3,035",0,0,0,221,0,0,49,0,260,190,0,0,0,0,154,0,0,75,0,0
El Aguila,2003.0,238,66,0,0,200,0,0,104,0,0,84,0,0,0,0,264,0,0,0,134,0
El Cairo,2003.0,0,432,0,0,0,0,0,90,0,0,68,0,0,0,0,50,8,0,7,41,0
El Cerrito,2003.0,0,68,0,0,222,0,0,0,0,0,0,0,0,0,0,0,0,0,0,0,"3,346"
El Dovio,2003.0,0,651,0,0,126,0,0,260,0,15,553,0,147,0,0,38,10,39,0,81,0
Florida,2003.0,68,"1,372",0,0,"3,496",0,0,0,112,113,189,225,0,0,0,172,22,"1,254",0,115,0
Ginebra,2003.0,0,687,0,0,362,0,0,21,0,0,105,0,176,0,0,362,0,0,0,299,"4,500"
Guacarì,2003.0,151,"1,931",0,0,880,0,0,0,140,270,61,0,288,0,0,279,70,459,0,54,"1,415"
Jamundì,2003.0,58,80,0,0,"5,684",0,0,0,48,158,56,0,0,0,0,348,0,690,0,11,0
La Cumbre,2003.0,35,152,0,0,47,0,0,0,0,215,74,0,15,0,0,19,0,"2,082",124,0,0
La Uniòn,2003.0,0,145,0,0,375,0,0,280,138,"2,811",31,110,"9,177","6,521","3,939",0,"1,372",0,49,64,"5,451"
La Victoria,2003.0,10,"1,902",0,0,"1,030",88,0,0,0,437,0,0,218,0,0,0,0,0,0,0,36
Obando,2003.0,57,"4,305",0,0,"1,206",0,0,0,0,0,0,160,0,0,0,0,0,0,0,0,0
Palmira,2003.0,261,980,0,0,"1,222",0,0,0,9,528,24,0,18,0,0,39,0,228,0,120,90
Pradera,2003.0,33,343,0,0,467,0,0,0,272,376,53,0,0,0,0,102,0,0,0,78,0
Restrepo,2003.0,418,545,0,0,228,0,0,0,0,122,273,0,0,0,0,0,15,"19,910",159,28,0
Riofrìo,2003.0,271,"3,992",0,0,"1,276",0,0,155,22,296,550,0,0,0,0,81,198,0,15,0,23
Roldanillo,2003.0,67,590,0,0,"1,576",0,0,966,0,432,38,18,"6,643",800,"1,273",43,393,0,0,205,728
San Pedro,2003.0,101,464,0,0,342,0,0,0,8,26,44,52,49,0,0,42,12,0,0,24,0
Sevilla,2003.0,0,"3,239",0,0,"4,193",0,0,0,0,0,220,0,0,0,0,0,0,0,0,0,0
Toro,2003.0,55,255,0,0,483,0,0,"1,333","1,177","4,250",106,0,"3,770","2,480","2,070",0,888,0,0,68,"2,836"
Trujillo,2003.0,58,"2,013",0,0,160,0,0,"1,562",0,0,672,0,0,162,167,"2,002",0,0,83,120,0
Tuluà,2003.0,120,"5,091",0,0,"1,800",0,0,32,136,72,258,45,268,0,0,960,0,0,0,161,105
Ulloa,2003.0,254,76,0,0,"6,202",0,0,0,0,5,78,0,0,0,0,0,100,990,0,0,0
Versalles,2003.0,0,0,0,0,0,0,0,"1,196",0,16,604,0,10,0,0,20,,0,0,90,0
Vijes,2003.0,31,79,0,0,240,0,0,0,0,156,173,56,0,0,0,0,0,"2,904",0,0,0
Yotoco,2003.0,"1,016",114,0,0,91,0,0,17,9,112,34,0,0,0,0,0,112,120,35,0,0
Yumbo,2003.0,226,171,0,0,912,0,0,0,131,82,66,130,16,0,0,17,0,470,0,18,46
Zarzal,2003.0,0,0,0,0,"2,341",0,0,0,57,160,0,0,0,0,0,0,0,0,0,0,38
Municipios,año,Aguacate,Bananito,Banano,Borojó,Chontaduro,Citricos,Coco,Granadilla,Guana bana,Guayaba,Lulo,Mango,Maracuyá,Melón a,Melon b,Mora,Papaya,Piña,Pitaya,Tomate Arbol,Vid
Cali,2002.0,70,0,0,0,"1,125",0,0,0,0,473,60,0,0,0,0,35,0,0,0,42,0
Alcalà,2002.0,60,0,0,0,"4,970",0,0,0,0,0,77,0,0,0,0,0,0,160,0,0,0
Andalucia,2002.0,39,325,0,0,"4,279",0,0,0,61,50,0,0,77,0,0,0,60,0,0,0,6
Ansermanuevo,2002.0,10,425,0,0,324,0,0,403,90,0,0,50,0,0,0,56,60,0,0,22,0
Argelia,2002.0,0,0,0,0,12,0,0,102,0,0,404,0,0,0,0,24,0,0,0,17,0
Bolivar,2002.0,28,348,0,0,226,0,0,"2,940",50,"3,540",450,0,725,"1,710","2,363",125,243,"1,760",45,231,635
Buenaventura,2002.0,0,"1,296","2,115","2,828",0,"9,387","2,292",0,0,60,0,0,0,0,0,0,0,0,0,0,0
Buga,2002.0,40,946,0,0,420,0,0,130,280,696,175,99,100,0,0,295,165,"6,090",15,"3,591",4
Bugalagrande,2002.0,252,"5,516",0,0,"11,354",0,0,38,550,78,138,0,119,0,0,0,301,0,0,0,0
Caicedonia,2002.0,"3,288","1,764",0,0,"27,555",0,0,0,0,0,0,0,0,0,0,0,0,0,0,0,0
Candelaria,2002.0,0,0,0,0,91,0,0,0,27,0,0,0,0,0,0,0,0,0,0,0,0
Cartago,2002.0,0,350,0,0,"1,794",0,0,0,23,0,0,0,47,0,0,0,0,0,0,0,0
Dagua,2002.0,120,"1,155",0,125,930,250,0,0,0,870,818,0,173,0,0,0,0,"18,834",35,108,0
Darièn,2002.0,"2,955",0,0,0,120,0,0,56,0,220,200,0,0,0,0,112,0,0,27,0,0
El Aguila,2002.0,217,70,0,0,200,0,0,102,0,0,84,0,0,0,0,250,0,0,0,89,0
El Cairo,2002.0,0,456,0,0,0,0,0,88,0,0,68,0,0,0,0,19,8,0,12,27,0
El Cerrito,2002.0,0,66,0,0,160,0,0,0,0,0,0,0,0,0,0,0,0,0,0,0,"2,534"
El Dovio,2002.0,0,640,0,0,126,0,0,280,0,12,360,0,132,0,0,14,10,39,0,52,0
Florida,2002.0,55,"1,250",0,0,"3,400",0,0,0,77,120,194,240,0,0,0,108,12,900,0,100,0
Ginebra,2002.0,0,556,0,0,255,0,0,13,0,0,70,0,100,0,0,333,0,0,0,195,"2,475"
Guacarì,2002.0,144,"1,290",0,0,725,0,0,0,112,192,61,0,299,0,0,223,70,510,0,42,784
Jamundì,2002.0,56,85,0,0,"5,094",0,0,0,48,135,48,0,0,0,0,272,0,630,0,6,0
La Cumbre,2002.0,29,150,0,0,35,0,0,0,0,216,74,0,15,0,0,12,0,"1,792",48,0,0
La Uniòn,2002.0,0,112,0,0,252,0,0,322,102,"1,895",30,120,"10,131","7,173","4,408",0,"1,516",0,42,58,"4,331"
La Victoria,2002.0,0,"2,010",0,0,855,88,0,0,0,360,0,0,120,0,0,0,0,0,0,0,18
Obando,2002.0,56,"4,410",0,0,"1,080",0,0,0,0,0,0,176,0,0,0,0,0,0,0,0,0
Palmira,2002.0,144,885,0,0,"1,044",0,0,0,8,350,24,0,18,0,0,32,0,228,0,80,60
Pradera,2002.0,32,357,0,0,403,0,0,0,187,320,53,0,0,0,0,85,0,0,0,72,0
Restrepo,2002.0,408,549,0,0,194,0,0,0,0,104,287,0,0,0,0,0,0,"19,691",62,18,0
Riofrìo,2002.0,250,"3,603",0,0,"1,154",0,0,119,22,193,552,0,0,0,0,46,156,0,8,0,20
Roldanillo,2002.0,61,516,0,0,"1,412",0,0,"1,113",0,223,38,15,"6,937",800,"1,340",43,414,0,0,194,609
San Pedro,2002.0,99,469,0,0,280,0,0,0,0,22,44,60,49,0,0,42,14,0,0,21,0
Sevilla,2002.0,0,"3,502",0,0,"1,740",0,0,0,0,0,270,0,0,0,0,0,0,0,0,0,0
Toro,2002.0,54,245,0,0,451,0,0,"1,280",616,"2,442",160,0,"3,952","2,480","2,400",0,888,0,0,64,"2,400"
Trujillo,2002.0,56,"2,128",0,0,150,0,0,"1,800",0,0,480,0,0,162,162,"2,002",0,0,56,75,0
Tuluà,2002.0,10,"5,310",0,0,"1,176",0,0,32,105,60,268,42,242,0,0,800,0,0,0,115,84
Ulloa,2002.0,245,80,0,0,"5,533",0,0,0,0,5,90,0,0,0,0,0,100,"1,008",0,0,0
Versalles,2002.0,0,0,0,0,0,0,0,"1,392",0,12,696,0,45,0,0,20,,0,0,90,0
Vijes,2002.0,24,77,0,0,210,0,0,0,0,133,184,56,0,0,0,0,0,"2,475",0,0,0
Yotoco,2002.0,918,105,0,0,56,0,0,20,8,95,34,0,0,0,0,0,140,126,23,0,0
Yumbo,2002.0,220,161,0,0,855,0,0,0,84,20,48,100,13,0,0,15,0,400,0,8,30
Zarzal,2002.0,0,0,0,0,"2,195",0,0,0,27,84,0,0,0,0,0,0,0,0,0,0,23
Municipios,año,Aguacate,Bananito,Banano,Borojó,Chontaduro,Citricos,Coco,Granadilla,Guana bana,Guayaba,Lulo,Mango,Maracuyá,Melón a,Melon b,Mora,Papaya,Piña,Pitaya,Tomate Arbol,Vid
Cali,2001.0,70,0,0,0,525,0,0,0,0,473,60,0,0,0,0,39,0,0,0,42,0
Alcalà,2001.0,60,0,0,0,"3,976",0,0,0,0,0,0,0,0,0,0,0,0,"2,080",0,0,0
Andalucia,2001.0,39,325,0,0,"4,279",0,0,0,61,66,0,0,58,0,0,0,100,0,0,0,6
Ansermanuevo,2001.0,100,340,0,0,324,0,0,39,90,0,0,10,0,0,0,24,45,0,0,4,0
Argelia,2001.0,0,0,0,0,12,0,0,0,0,0,176,0,0,0,0,8,0,0,0,17,0
Bolivar,2001.0,28,348,0,0,203,0,0,"3,780",50,"3,984",310,0,261,42,42,125,297,"1,920",45,119,635
Buenaventura,2001.0,0,"1,215","1,270","2,420",0,"9,381","2,280",0,0,60,0,0,0,0,0,0,0,0,0,0,0
Buga,2001.0,50,730,0,0,564,0,0,40,400,609,100,108,75,0,0,275,260,"3,135",36,"2,907",4
Bugalagrande,2001.0,241,"6,993",0,0,"11,284",0,0,15,550,78,120,0,91,0,0,0,133,0,0,0,0
Caicedonia,2001.0,"3,288","1,764",0,0,"27,255",0,0,0,0,0,0,0,0,0,0,0,0,0,0,0,0
Candelaria,2001.0,0,0,0,0,91,0,0,0,9,0,0,0,0,0,0,0,0,0,0,0,0
Cartago,2001.0,0,350,0,0,"1,950",0,0,0,23,0,0,0,47,0,0,0,0,0,0,0,0
Dagua,2001.0,120,"1,155",0,115,899,250,0,0,0,580,436,0,218,0,0,0,0,"18,834",35,64,0
Darièn,2001.0,"2,805",0,0,0,144,0,0,49,0,220,53,0,0,0,0,140,0,0,15,0,0
El Aguila,2001.0,217,70,0,0,200,0,0,48,0,0,28,0,0,0,0,222,0,0,0,35,0
El Cairo,2001.0,0,456,0,0,0,0,0,38,0,0,29,0,0,0,0,18,5,0,0,39,0
El Cerrito,2001.0,0,90,0,0,80,0,0,0,0,0,0,0,0,0,0,0,0,0,0,0,"2,534"
El Dovio,2001.0,0,640,0,0,126,0,0,280,0,7,540,0,96,0,0,3,0,120,0,43,0
Florida,2001.0,55,"1,050",0,0,"1,820",0,0,0,77,105,151,240,0,0,0,174,12,980,0,88,0
Ginebra,2001.0,0,501,0,0,170,0,0,5,0,0,90,0,130,0,0,224,0,0,0,225,"6,600"
Guacarì,2001.0,234,795,0,0,800,0,0,0,128,204,21,0,78,0,0,43,10,510,0,14,560
Jamundì,2001.0,56,85,0,0,"5,094",0,0,0,48,135,48,0,0,0,0,151,0,63,0,6,0
La Cumbre,2001.0,29,144,0,0,35,0,0,0,0,144,44,0,13,0,0,4,0,"2,760",66,0,0
La Uniòn,2001.0,0,89,0,0,255,0,0,224,69,"1,604",32,120,"2,824",35,30,0,645,0,25,108,"3,785"
La Victoria,2001.0,0,"1,346",0,0,871,88,0,0,0,270,0,0,195,0,0,0,0,0,0,0,27
Obando,2001.0,56,"4,480",0,0,"1,080",0,0,0,72,0,0,176,0,0,0,0,0,0,0,0,0
Palmira,2001.0,63,826,0,0,"1,044",0,0,0,8,300,16,0,0,0,0,0,0,"2,100",0,216,34
Pradera,2001.0,32,357,0,0,403,0,0,0,187,320,53,0,0,0,0,85,0,0,0,72,0
Restrepo,2001.0,408,549,0,0,194,0,0,0,0,104,217,0,0,0,0,0,0,"8,400",50,18,0
Riofrìo,2001.0,234,"3,619",0,0,"1,035",0,0,95,22,290,180,0,0,0,0,20,102,0,0,0,20
Roldanillo,2001.0,61,492,0,0,"1,412",0,0,903,0,223,16,33,"5,136",20,20,6,304,0,0,140,728
San Pedro,2001.0,99,483,0,0,280,0,0,0,0,22,32,60,63,0,0,77,14,0,0,21,0
Sevilla,2001.0,0,"6,080",0,0,"10,440",0,0,0,0,0,0,0,0,0,0,0,0,0,0,0,0
Toro,2001.0,54,245,0,0,451,0,0,"1,100",560,"2,442",125,0,"3,562",40,40,0,582,0,0,64,"2,400"
Trujillo,2001.0,56,"2,128",0,0,165,0,0,"1,800",0,0,480,0,0,40,30,"1,080",0,0,40,53,0
Tuluà,2001.0,16,"4,635",0,0,"1,116",0,0,24,162,120,143,42,220,0,0,603,0,0,0,70,147
Ulloa,2001.0,427,54,0,0,"6,734",0,0,0,0,0,0,0,0,0,0,0,83,260,0,0,0
Versalles,2001.0,0,0,0,0,0,0,0,600,0,0,270,0,9,0,0,4,0,0,0,36,0
Vijes,2001.0,24,63,0,0,210,0,0,0,0,133,184,56,0,0,0,0,0,"2,700",0,0,0
Yotoco,2001.0,918,105,0,0,56,0,0,20,32,95,18,0,0,0,0,0,140,180,23,0,0
Yumbo,2001.0,187,150,0,0,525,0,0,0,84,20,48,100,13,0,0,15,0,358,0,8,30
Zarzal,2001.0,0,0,0,0,"2,195",0,0,0,9,91,0,0,0,0,35,0,0,0,0,0,112
Municipios,año,Aguacate,Bananito,Banano,Borojó,Chontaduro,Citricos,Coco,Granadilla,Guana bana,Guayaba,Lulo,Mango,Maracuyá,Melón a,Melon b,Mora,Papaya,Piña,Pitaya,Tomate Arbol,Vid
Cali,2000.0,48,0,0,0,150,0,0,0,0,473,54,0,0,0,0,48,0,0,0,28,0
Alcalà,2000.0,60,0,0,0,"4,325",0,0,0,0,0,0,0,0,0,0,0,0,"1,152",0,0,0
Andalucia,2000.0,40,325,0,0,"3,782",0,0,0,61,66,0,0,80,0,0,0,120,0,0,0,6
Ansermanuevo,2000.0,140,340,0,0,324,0,0,0,90,0,0,10,0,0,0,40,60,0,0,4,0
Argelia,2000.0,0,0,0,0,12,0,0,0,0,0,18,0,0,0,0,8,,0,0,,0
Bolivar,2000.0,28,348,0,0,226,0,0,"2,940",50,"3,984",350,0,392,"1,139","1,266",100,432,"2,800",25,105,887
Buenaventura,2000.0,0,"1,215","1,270","2,420",0,"9,381","2,280",0,0,84,0,0,0,0,0,0,0,0,0,0,0
Buga,2000.0,96,700,0,0,624,0,0,30,523,621,64,126,50,0,0,371,315,900,48,"2,344",5
Bugalagrande,2000.0,238,"5,520",0,0,"11,256",0,0,19,550,78,117,0,112,0,0,0,280,0,0,0,0
Caicedonia,2000.0,"2,120","2,700",0,0,"17,790",0,0,0,0,0,0,0,0,0,0,0,0,0,0,0,0
Candelaria,2000.0,0,0,0,0,382,0,0,0,0,0,0,0,0,0,0,0,0,0,0,0,0
Cartago,2000.0,0,275,0,0,"1,950",0,0,12,23,0,0,0,0,0,0,0,0,0,0,0,0
Dagua,2000.0,120,"1,155",0,48,"1,088",290,0,0,0,608,576,0,180,0,0,0,0,"20,805",0,58,0
Darièn,2000.0,"1,150",0,0,0,72,0,0,0,0,220,80,0,0,0,0,108,0,0,15,0,0
El Aguila,2000.0,224,70,0,0,132,0,0,32,0,0,14,0,0,0,0,177,0,0,0,49,0
El Cairo,2000.0,0,456,0,0,0,0,0,11,0,0,80,0,0,0,0,13,,0,0,11,0
El Cerrito,2000.0,0,90,0,0,,0,0,0,0,0,0,0,0,0,0,0,0,0,0,0,"1,377"
El Dovio,2000.0,0,680,0,0,56,0,0,280,0,12,490,0,96,0,0,22,0,100,0,17,0
Florida,2000.0,55,"1,105",0,0,"1,920",0,0,0,77,105,143,150,80,0,0,320,24,980,0,88,0
Ginebra,2000.0,0,556,0,0,324,0,0,30,0,18,111,0,160,0,0,518,0,0,0,575,"2,300"
Guacarì,2000.0,527,"1,238",0,0,925,0,0,0,94,264,29,0,104,0,0,158,50,510,0,56,"1,200"
Jamundì,2000.0,63,85,0,0,"3,080",0,0,0,45,135,55,0,0,0,0,370,0,"1,300",0,0,0
La Cumbre,2000.0,0,372,0,0,150,0,0,0,0,270,66,0,10,0,0,56,15,"1,280",44,0,0
La Uniòn,2000.0,0,54,0,0,195,0,0,200,56,343,0,120,"6,000","1,557","1,789",0,"2,100",0,0,85,"2,789"
La Victoria,2000.0,0,"1,408",0,0,871,70,0,0,0,,0,0,450,160,160,0,0,0,0,0,27
Obando,2000.0,42,"2,580",0,0,"1,080",0,0,0,72,0,0,176,0,0,0,0,0,0,0,0,0
Palmira,2000.0,63,"1,440",0,0,630,0,0,0,,150,8,0,0,0,0,0,0,"4,480",0,216,34
Pradera,2000.0,32,357,0,0,403,0,0,0,187,320,53,0,0,0,0,85,0,0,0,72,0
Restrepo,2000.0,425,567,0,0,204,0,0,0,0,88,179,0,0,0,0,0,0,"14,210",62,35,0
Riofrìo,2000.0,224,"3,024",0,0,945,0,0,67,22,290,140,0,0,0,0,85,68,0,0,0,20
Roldanillo,2000.0,28,336,0,0,616,0,0,876,0,144,38,33,"4,680",706,720,36,140,0,0,270,323
San Pedro,2000.0,99,518,0,0,308,0,0,0,,24,32,60,49,0,0,98,56,455,0,28,0
Sevilla,2000.0,0,"5,166",0,0,"10,440",0,0,0,0,0,0,0,0,0,0,0,0,0,0,0,0
Toro,2000.0,57,245,0,0,421,0,0,"1,100","1,423","2,664",100,0,"4,560","1,120","1,012",0,490,0,0,60,"2,700"
Trujillo,2000.0,84,"2,220",0,0,195,0,0,840,0,0,210,0,0,0,0,"2,550",0,0,40,53,0
Tuluà,2000.0,16,"4,617",0,0,"1,020",0,0,0,216,120,149,42,264,0,0,795,0,0,0,105,119
Ulloa,2000.0,525,,0,0,"7,088",0,0,0,0,0,0,0,0,0,0,0,98,560,0,0,0
Versalles,2000.0,0,0,0,0,0,0,0,900,0,0,546,0,0,0,0,0,0,0,0,0,0
Vijes,2000.0,20,70,0,0,196,0,0,0,21,133,0,56,0,0,0,0,0,"2,340",0,0,0
Yotoco,2000.0,960,210,0,0,400,0,0,20,40,86,16,0,0,0,0,0,0,180,20,0,0
Yumbo,2000.0,165,140,0,0,480,0,0,0,63,40,36,80,8,0,0,27,0,294,0,7,30
Zarzal,2000.0,0,0,0,0,568,0,0,0,,,0,0,0,0,0,0,0,0,0,0,112
