Municipios,Año,Aguacate,Bananito,Banano,Borojó,Chontaduro,Citricos,Coco,Granadilla,Guana bana,Lulo,Mango,Maracuyá,Melón A,Melón B,Mora,Papaya,Piña,Pitaya,Tomate Arbol,Vid
Cali,2018,5,0,0,0,0,28,0,0,0,0,0,0,0,0,10,0,0,0,6,0
Alcalá,2018,141.9,0,100.2,0,0,198.3,0,0,13,8,0,5,0,0,0,6,47.8,0,0,0
Andalucia,2018,56,0,30,0,0,290,0,0,0,0,0,30,0,0,0,30,0,0,0,0
Ansermanuevo,2018,227.8,0,54.3,0,0,17,0,87.8,32.5,3.8,12,0,0,0,1.5,0,1.5,10.5,0,0
Argelia,2018,278,0,169,0,0,5,0,0,0,9,0,0,0,0,0,0,0,0,0,0
Bolivar,2018,529,0,217,0,6,28,0,22,24,310,4,47,25,27,17,62,9,19,31,39
Buenaventura,2018,0,390,110,776,2658,0,322,0,0,0,0,0,0,0,0,0,12,0,0,0
Buga,2018,4,0,110,0,0,9,0,9,0,5,1,2,0,0,11,2,120,0,5,2
Bugalagrande,2018,58,0,0,0,0,563,0,9,45,0,0,17,0,0,0,0,0,8,0,0
Caicedonia,2018,319,0,439,0,0,1978,0,0,80,0,0,9,0,0,0,0,12,0,0,0
Calima Darién,2018,39.5,0,2.5,0,0,12,0,0,0,106,0,0,0,0,12,0,0,0,0,0
Candelaria,2018,0,0,0,0,0,28,0,0,0,0,0,13.3,0,0,0,0,0,0,0,0
Cartago,2018,21.2,0,34,0,0,208.2,0,0,15,0,0,0,0,0,0,0,0.5,0,0,0
Dagua,2018,140,0,125,0,22,174,0,0,25,93,0,83,0,0,0,0,1298,18,0,0
El Aguila,2018,57,0,20,0,0,5,0,27,0,15,0,4,0,0,6,0,6.5,5,8,0
El Cairo,2018,71.3,0,17,0,0,11.4,0,0,0,5.7,0,2,0,0,1,0,0,0,0,0
El Cerrito,2018,44,0,18,0,0,27,0,0,0,0,0,4,0,0,4,0,0,0,5.5,283
El Dovio,2018,24,0,48,0,0,0,0,22.5,0,59,0,49,0,0,0,0,0,6,0,0
Florida,2018,10,0,137,0,0,111,0,20,4,0,4.5,7,0,0,52,11,92,1,6,0
Ginebra,2018,0,0,165,0,0,0,0,14,0,5,0,5,0,0,92,8,0,0,0,126
Guacarì,2018,56,0,246,0,0,71,0,0,27,45,0,87,0,0,42,461,0,0,40,220
Jamundì,2018,5.5,0,5.5,0,0,440,0,0,4,6,23,15.5,0,0,4.5,3,34,0,5,0
La Cumbre,2018,0,0,67,0,0,0,0,10.2,0,15.7,0,0,0,0,0,5,157.6,0,0,0
La Uniòn,2018,42.6,0,38.5,0,0,42,0,0,7.3,5.8,21,29.3,25.3,20,0,83,16.2,5.9,0,719.5
La Victoria,2018,40,0,35,0,0,120,0,0,4,0,41,3,0,0,0,3,0,0,0,6
Obando,2018,42,0,475,0,0,22,0,0,0,0,20,4,0,0,0,8,0,0,0,0
Palmira,2018,152,0,107,0,0,75,0,8,0,27.5,0,13.8,0,0,3.1,0,0,0,2.4,2
Pradera,2018,4,0,30,0,0,25,0,0,30,4,0,0,0,0,25,0,60,0,5,0
Restrepo,2018,76.2,15,73,0,0,18,0,1,0,110,2,16,0,0,2,0,650,23,1,0
Riofrìo,2018,61,0,549,0,0,37,0,0,5,63,9,10,0,0,10,0,12,7,0,0
Roldanillo,2018,141,0,64,0,0,33.5,0,7,14.3,10,0,58,8.5,7.3,5,54.8,25,11,0,61.6
San Pedro,2018,27,0,71,0,0,110,0,26,23,26.5,8,45,0,0,31,50,0,0,28.5,0
Sevilla,2018,980,0,1000,0,0,1300,0,15,0,45,0,0,0,0,40,0,0,0,0,0
Toro,2018,60,0,5,0,0,4,0,13,12,7,0,20,28,28,0,37,31,0,0,295
Trujillo,2018,110.5,0,623.5,0,0,21,0,0,3.5,9.5,11,16,0,0,52.5,17,0,21,0,7.5
Tuluà,2018,37,0,535,0,0,51,0,13,7,107,5,10,0,0,104.5,30,0,0,41,6
Ulloa,2018,106,0,119.8,0,0,90.6,0,0,0,6,0,4.6,0,0,0,6.9,15,0,0,0
Versalles,2018,363,0,101,0,0,0,0,11.3,0,28,0,9,0,0,47.6,0,0,7.5,0,0
Vijes,2018,33,0,37,0,0,46,0,0,0,0,15,35,0,0,0,42,370,0,0,0
Yotoco,2018,42,0,0,0,0,39.6,0,0,0,4,20,10,0,0,0,11,31,3,0,20.5
Yumbo,2018,23,0,14.2,0,0,67,0,2.5,6,0,35,2.1,0,0,1.8,22.6,10.6,1,0,166
Zarzal,2018,0,0,0,0,0,91.3,0,0,9.8,0,15.3,5,4,4,0,16,0,0,0,7
Cali,2017,5,0,0,0,0,28,0,0,0,0,0,0,0,0,10,0,0,0,6,0
Alcalá,2017,141.9,0,125.2,0,0,310.3,0,0,6,19,0,0,0,0,0,0,47.8,0,0,0
Andalucia,2017,55,0,30,0,0,345,0,0,0,0,0,30,0,0,0,30,0,0,0,0
Ansermanuevo,2017,67.8,0,49.3,0,0,17,0,43,32.5,0,12,6.5,0,0,1.5,0,0,10.5,0,0
Argelia,2017,268,0,159,0,0,5,0,0,0,11,0,0,0,0,5.5,0,0,0,0,0
Bolivar,2017,55,0,172,0,6,34,0,21,24,305,4,60,40,37,20,56,31,17,35,35
Buenaventura,2017,0,382,105,776,2658,0,322,0,0,0,0,0,0,0,0,0,7,0,0,0
Buga,2017,16,0,99,0,0,21,0,12,0,8,5,6,0,0,10,21,95,0,7,2
Bugalagrande,2017,33,0,0,0,0,563,0,7,40,0,0,17,0,0,0,0,0,6,0,0
Caicedonia,2017,324,0,449,0,0,1976,0,0,80,0,0,12,0,0,0,0,35,0,0,0
Calima Darién,2017,31.5,0,6.5,0,0,12,0,0,0,118,0,0,0,0,12,0,0,0,0,0
Candelaria,2017,0,0,0,0,0,29.5,0,0,0,0,0,14.5,0,0,0,0,0,0,0,0
Cartago,2017,21.2,0,34,0,0,208.2,0,0,15,0,0,0,0,0,0,0,1.5,0,0,0
Dagua,2017,90,0,115,0,17,142,0,0,10,53,0,52,0,0,0,0,1270,9,0,0
El Aguila,2017,32,0,16,0,0,5,0,12,0,20,0,1,0,0,5,0,10.5,0,5,0
El Cairo,2017,60,0,41,0,0,0,0,3,0,6.7,0,4.5,0,0,30,0,0,0,1.5,0
El Cerrito,2017,42,0,18,0,0,27,0,0,0,0,0,12,0,0,4,0,0,0,5,283
El Dovio,2017,16,0,52,0,0,0,0,18.5,0,66,0,57,0,0,0,0,0,0,0,0
Florida,2017,10,0,137,0,0,111,0,20,4,0,4.5,7,0,0,52,11,92,1,6,0
Ginebra,2017,0,0,163,0,0,31,0,9,0,7,0,15,0,0,100,13,0,0,0,81
Guacarì,2017,54,0,253,0,0,68,0,0,25,47,0,86,0,0,43,460,0,0,36,212
Jamundì,2017,5.5,0,5,0,0,444,0,0,4,5,23,13.5,0,0,6.5,2.5,33.5,0,7,0
La Cumbre,2017,0,0,70,0,0,0,0,0,0,13.5,0,0,0,0,0,1.5,166.6,0,0,0
La Uniòn,2017,26.6,0,31.1,0,0,27,0,0,7.3,5.5,6,32.8,35,35,0,66.5,19.2,6.4,0,732.8
La Victoria,2017,39,0,68,0,0,120,0,0,5,0,45,3,2,0,0,3,4,0,0,5
Obando,2017,32,0,454,0,0,18,0,0,0,0,20,12,0,0,0,8,0,0,0,0
Palmira,2017,149,0,107,0,0,75,0,8,0,25.5,0,13.8,0,0,3.1,0,0,0,2.4,2
Pradera,2017,2,0,30,0,0,25,0,0,30,0,0,0,0,0,23,0,40,0,5,0
Restrepo,2017,77.2,22,73,0,0,18,0,1,0,101,2,19,0,0,5,0,635,29,1,0
Riofrìo,2017,52,0,546,0,0,27,0,0,5,88,9,8,0,0,20,0,8,7,0,0
Roldanillo,2017,81,0,52,0,0,34,0,7,14.3,10,0,40,30,17,5,37.8,31,9,0,61.6
San Pedro,2017,25,0,71,0,0,115,0,36,22,26.5,8,45,0,0,31,50,0,0,28.5,0
Sevilla,2017,594,0,950,0,0,1200,0,15,0,45,0,0,0,0,40,0,0,0,0,0
Toro,2017,30,0,5,0,0,3,0,12,15,7,0,20,30,25,0,35,25,0,0,300
Trujillo,2017,114.5,0,629,0,0,27,0,0,3.5,14.5,11,19,0,0,60,19,0,22,0,11.5
Tuluà,2017,27,0,530,0,0,51,0,13,7,104,5,10,0,0,100.5,31.5,0,0,42,6
Ulloa,2017,104.2,0,119.8,0,0,73.6,0,0,0,0,0,1.6,0,0,0,5,15,0,0,0
Versalles,2017,273,0,101,0,0,0,0,13.3,0,26,0,12,0,0,37.1,0,0,7.5,0,0
Vijes,2017,30,0,40,0,0,44,0,0,0,0,15,0,0,0,0,40,388,0,0,0
Yotoco,2017,42,0,0,0,0,39.6,0,0,0,7.2,20,15,0,0,0,14,47,3,0,0
Yumbo,2017,34,0,12.7,0,0,67.4,0,3.5,4.4,0,30,1.7,2,3,1.7,0.8,9.6,1.5,0.5,131
Zarzal,2017,0,0,0,0,0,85.3,0,0,9.8,0,15.3,0,3,3,0,28.7,57,0,0,5
Cali,2016,5,0,0,0,0,28,0,0,0,0,0,0,0,0,10,0,0,0,6,0
Alcalá,2016,60,0,165,0,0,380,0,0,0,25,0,0,0,0,0,2,31,0,0,0
Andalucia,2016,50,0,25,0,0,405,0,0,0,0,0,20,0,0,0,20,0,0,0,0
Ansermanuevo,2016,47.3,0,33,0,0,5.5,0,28,27,2.5,12,5,0,0,1.5,13,0,8.5,0,0
Argelia,2016,233,0,140,0,0,5,0,0,0,14.2,0,0,0,0,5.5,0,0,0,0,0
Bolivar,2016,44,0,134,0,6,46,0,32,21,308,0,80,55,45,23,49,63,20,40,32
Buenaventura,2016,0,395,125,800,2738,0,322,0,0,0,0,0,0,0,0,0,0,0,0,0
Buga,2016,14,0,92,0,0,17,0,14,0,6,5,5,0,0,8,19,85,0,5,2
Bugalagrande,2016,30,0,0,0,0,563,0,9,45,0,0,12,0,0,0,0,0,8,0,0
Caicedonia,2016,321,0,444,0,0,1976,0,0,80,0,0,0,0,0,0,0,35,0,0,0
Calima Darién,2016,31.5,0,9.5,0,0,13,0,0,0,125,0,0,0,0,22.5,0,0,0,0,0
Candelaria,2016,0,0,0,0,0,29.1,0,0,0,0,0,13.5,0,0,0,0,0,0,0,0
Cartago,2016,21.2,0,30,0,0,126,0,0,0,0,0,0,0,0,0,0,1.5,0,0,0
Dagua,2016,84,0,115,0,17,122,0,0,8,53,0,42,0,0,0,0,1250,9,0,0
El Aguila,2016,34,0,17,0,0,5,0,7,0,20,0,1,0,0,5,0,10.5,0,5,0
El Cairo,2016,58,0,31,0,0,0,0,3,0,4.7,0,4.5,0,0,30,0,0,0,1.5,0
El Cerrito,2016,43,0,18,0,0,27,0,0,0,0,0,10,0,0,2,0,0,0,5,283
El Dovio,2016,10.5,0,51,0,0,0,0,18,0,60,0,41,0,0,0,0,0,0,0,0
Florida,2016,9,0,148.5,0,0,96,0,16.5,4,0,5,7.5,0,0,56,15,77,1,4.5,0
Ginebra,2016,0,0,158,0,0,30,0,7,0,14,0,14,0,0,210,11,0,0,0,71
Guacarì,2016,51,0,254,0,0,65,0,0,23,43,0,79,0,0,49,343,0,0,30,204
Jamundì,2016,5,0,7,0,0,455,0,0,4,6,23,21.5,0,0,7.5,10,28.5,0,7,0
La Cumbre,2016,0,0,68,0,0,0,0,0,0,15,0,0,0,0,0,0,200,0,0,0
La Uniòn,2016,21.5,0,31.1,0,0,27,0,0,13.5,13,6,17,50,48,0,146.6,4,0,0,974
La Victoria,2016,39,0,128,0,0,0,0,0,2,0,45,13,0,0,0,10,0,0,0,6
Obando,2016,26.6,0,449,0,0,26,0,0,0,0,19.5,12,0,0,0,10,0,0,0,0
Palmira,2016,139.4,0,127,0,0,75,0,7,0,38.2,0,6.7,0,0,9,0,0,0,3.8,9
Pradera,2016,2,0,30,0,0,25,0,0,30,13,0,0,0,0,15,0,20,0,5,0
Restrepo,2016,68.2,25,69,0,0,16,0,1,0,86,2,17,0,0,8,0,465,29,1,0
Riofrìo,2016,33,0,544,0,0,9,0,0,5,170,9,0,0,0,32,0,6,5,0,0
Roldanillo,2016,31,0,45,0,0,32,0,7,14.3,10,0,66,61.8,38.6,5,32.8,46,9,0,52.6
San Pedro,2016,23,0,69,0,0,34,0,43,17,29,7.5,40,0,0,26,45,0,0,25,0
Sevilla,2016,384,0,1810,0,0,1200,0,15,0,45,0,0,0,0,40,0,0,0,0,0
Toro,2016,15,0,4,0,0,2,0,10,15,5,0,20,30,30,0,30,20,0,0,340
Trujillo,2016,115,0,634,0,0,27,0,0,4,17,3,0,1.5,0,90,4,0,22,0,9.5
Tuluà,2016,13,0,527,0,0,53,0,6,7,101,5,8,0,0,100.5,25.5,0,0,47,6
Ulloa,2016,82.5,0,103.8,0,0,67,0,0,0,0,0,0,0,0,0,0,11,0,0,0
Versalles,2016,53.5,0,97,0,0,0,0,22.3,0,35,0,12,0,0,34.1,0,0,7.5,0,0
Vijes,2016,27,0,40,0,0,43,0,0,0,0,15,0,0,0,0,40,348,0,0,0
Yotoco,2016,42,0,0,0,0,37.6,0,0,0,5.2,0,0,0,0,0,0,36,6,0,0
Yumbo,2016,33,0,12.7,0,0,68.8,0,3.6,4.7,0,30,3.9,10,8,1.7,0.8,4,1.5,0.5,105
Zarzal,2016,0,0,0,0,0,81.3,0,0,9.8,0,15.3,30.8,40,35.6,0,38.7,0,0,0,0
Cali,2015,4,0,0,0,0,23,0,0,0,0,0,0,0,0,10,0,0,0,6,0
Alcalá,2015,45,1,156,0,0,372,0,0,0,11,0,0,0,0,0,2,19,0,0,0
Andalucia,2015,25,0,20,0,0,405,0,0,0,0,0,20,0,0,0,20,0,0,0,0
Ansermanuevo,2015,44,0,21,0,0,5,0,36,10,4.5,12,1,0,0,3,0,0,13,0,0
Argelia,2015,302.6,0,225,0,0,5,0,0,0,8,0,0,0,0,6,0,0,0,0,0
Bolivar,2015,47,0,119,0,6,47,0,45,21,288,0,120,47,40,28,44,65,27,40,32
Buenaventura,2015,0,390,125,800,2743,0,327,0,0,0,0,0,0,0,0,0,0,0,0,0
Buga,2015,13,0,87,0,0,12,0,0,0,0,5,0,0,0,6,0,0,0,0,2
Bugalagrande,2015,27,0,0,0,0,593,0,9,45,0,0,10,0,0,0,0,0,10,0,0
Caicedonia,2015,312,0,409,0,0,1957,0,0,73,0,0,0,0,0,0,0,82,0,0,0
Calima Darién,2015,31.5,0,8,0,0,12,0,6,0,97,0,0,0,0,27.5,0,0,1,8,0
Candelaria,2015,0,0,0,0,0,29.1,0,0,0,0,0,12,0,0,0,0,0,0,0,0
Cartago,2015,21.2,0,30,0,0,126,0,0,0,1,0,0,0,0,0,1,1.5,0,0,0
Dagua,2015,71,0,119,0,17,95,0,4.5,6,40,0,26,0,0,0,0,1220,6,0,0
El Aguila,2015,31,0,11,0,0,3.5,0,4,0,21,0,0,0,0,18,0,6.5,0,5,0
El Cairo,2015,56,0,0,0,0,0,0,0,0,13,0,0,0,0,37,0,0,0,0,0
El Cerrito,2015,52,0,15,0,0,30,0,0,0,0,0,23,0,0,4,0,0,0,0,285
El Dovio,2015,7,0,51,0,0,0,0,3,0,22,0,11,0,0,0,0,0,2,0,0
Florida,2015,9,0,153,0,0,95,0,14,4,0,5,9,0,0,58,15,7,1,5,0
Ginebra,2015,0,0,145,0,0,30,0,7,0,16,0,13,0,0,220,11,0,0,0,71
Guacarì,2015,48,0,252,0,0,61,0,0,19,37,0,70,0,0,55,231,0,0,22,194
Jamundì,2015,6,0,11,0,0,453,0,0,4,7,23,19.5,0,0,9.5,9.5,20.5,0,3,0
La Cumbre,2015,0,0,63.5,0,0,0,0,0,0,15,0,0,0,0,0,0,170,0,0,0
La Uniòn,2015,21.2,0,31.1,0,0,21.3,0,0,13.5,10,0,52.9,50,48,0,156.9,0,0,0,964
La Victoria,2015,39,0,135,0,0,55,0,0,2,0,40,8,0,3,0,13,0,0,0,6
Obando,2015,26.6,0,446,0,0,26,0,0,0,0,19.5,10,0,0,0,2,0,0,0,0
Palmira,2015,133,0,127,0,0,75,0,7,0,40.2,0,6.7,0,0,9,0,0,0,3.8,9
Pradera,2015,2,0,30,0,0,25,0,0,30,13,0,0,0,0,15,0,20,0,5,0
Restrepo,2015,60.2,24,70,0,0,26,0,1,0,92,2,17,0,0,8,0,385,32,1,0
Riofrìo,2015,31,0,534,0,0,8,0,0,4,198,9,0,0,0,31,0,4,5,0,0
Roldanillo,2015,29,0,30,0,0,19,0,7,14.3,10,0,76,22.3,22.3,5,133.8,29,9,0,47.6
San Pedro,2015,21,0,67,0,0,33,0,38,12,26.5,7,35,0,0,21,40,0,0,21.5,0
Sevilla,2015,320,0,1810,0,0,1192,0,15,0,45,0,0,0,0,20,0,0,0,0,0
Toro,2015,12,0,4,0,0,2,0,10,48,5,0,25,30,30,0,50,10,0,0,310
Trujillo,2015,74,0,632,0,0,25,0,0,4,27,0,12,5,0,140,21,0,16,0,9
Tuluà,2015,13,0,527,0,0,53,0,7,7,110,5,8,0,0,101.5,25,0,0,40,6
Ulloa,2015,81.5,1,103.8,0,0,67,0,0,0,0,0,0,0,0,0,0,11,0,0,0
Versalles,2015,45.5,0,97,0,0,0,0,31.3,0,36,0,10,0,0,31.6,0,0,5,0,0
Vijes,2015,25,0,42,0,0,42,0,0,0,0,14,0,0,0,0,40,322,0,0,0
Yotoco,2015,41,0,0,0,0,37.6,0,0,0,5.2,0,0,0,0,0,0,6,4,0,0
Yumbo,2015,37,0,15,0,0,68.5,0,5,10.5,12,29.5,11.5,10,10,4,17.8,5,2.5,1,82
Zarzal,2015,0,0,0,0,2,251.6,0,0,19.5,0,0,45.8,45,30,0,48.7,0,0,0,0
Cali,2014,5,,,,,30,,,,,,,,,15,,,,10,
Alcalá,2014,45,1,160,,,372,,,,10,,,,,,2,20,,,
Andalucia,2014,10,0,20,0,0,405,0,0,0,0,0,20,0,0,0,20,0,0,0,0
Ansermanuevo,2014,41,,21,,,5,,36,10,4.5,12,1,,,3,,,13,,
Argelia,2014,302.6,,225,,,5,,,,8,,,,,6,,,,,
Bolivar,2014,45,,99,,6,46,,44,20,278,,132,45,40,30,75,57,29,43,31
Buenaventura,2014,,380,122,800,3280,,322,,,,,,,,,,,,,
Buga,2014,10,,87,,,12,,20,,5,5,3,,,6,15,70,,3,2
Bugalagrande,2014,27,,,,,593,,9,45,,,10,,,,,,10,,
Caicedonia,2014,283,,390,,,1945,,,68,,,,,,,,50,,,
Calima Darién,2014,34,,8,,,8,,6,,77.5,,,,,24,,,1,8,
Candelaria,2014,,,,,,28.1,,,,,,11.5,,,,,,,,
Cartago,2014,18.7,,30,,,122,,,,4,,,,,,,1.5,,,
Dagua,2014,65,,119,,17,95,,4.5,6,30,,20,,,,,1200,6,,
El Aguila,2014,26,,8,,,3.5,,8,,26,,,,,25,,3.5,,5,
El Cairo,2014,55,,,,,,,,,13,,,,,39,,,,,
El Cerrito,2014,52,,15,,,30,,,,,,23,,,4,,,,,285
El Dovio,2014,5,,52,,,,,3,,22,,10,,,,,,2,,
Florida,2014,9,,153,,,95,,16,4,,4,9,,,60,16,5,1,5,
Ginebra,2014,0,0,147,0,0,29,0,7,0,14,0,13,0,0,224,12,0,0,0,71
Guacarì,2014,50,,262,,,61,,,20,53,,83,,,34,218,,,29,194
Jamundì,2014,6,,11,,,453,,,4,10,27,17.5,,,9.5,4.5,19.5,,3,
La Cumbre,2014,,,63.5,,,,,,,30,,,,,,,155,,,
La Uniòn,2014,20.9,,24.8,,,15.6,,,13.5,7,,51,60,62,,164,,,,977
La Victoria,2014,15,,140,,,61,,,,,40,17,,,,14,,,,6
Obando,2014,20.6,,429,,,46,,,,,18.5,20,,,,12,,,,
Palmira,2014,89,,92,,,75,,0.6,,23,,26,,,26,,,,14,9
Pradera,2014,2,,30,,,25,,,30,13,,,,,15,,20,,5,
Restrepo,2014,60.2,24,70,,,26,,1,,94,2,17,,,8,,385,32,1,
Riofrìo,2014,31,,539,,,8,,,4,206,9,7,,,31,,4,5,,9
Roldanillo,2014,26,,33.5,,,14,,4,14.3,4,,123,59.6,35,4,131.8,47,8,,47.6
San Pedro,2014,19,,65,,,32,,33,7,24,7,30,,,16,35,,,18,
Sevilla,2014,320,0,1810,0,0,1192,0,20,0,70,0,0,0,0,23,,0,0,0,0
Toro,2014,12,,4,,,2,,,118,,,25,40,40,,50,,,,250
Trujillo,2014,74,,632,,,25,,,4,30,,12,5,2,140,23,,18,,9
Tuluà,2014,14,,535,,,53,,9,8,122,6,,,,103,30,,,40,6
Ulloa,2014,81.5,3,103.8,,,67,,,,,,,,,,,11,,,
Versalles,2014,43.5,,97,,,,,31,,51,,18,,,27.4,,,3,,
Vijes,2014,23,,43,,,40,,,,,13,,,,,45,291,,,
Yotoco,2014,43,,,,,37.6,,,,6.2,,,,,,,8,4,,
Yumbo,2014,33,,14,,,65.5,,4,10,11,24.7,10,6,5,3.5,16.3,5,2.5,1,20
Zarzal,2014,,,,,2,251,,,19.5,,,55,51.2,30,,62.7,,,,
Cali,2013,4,0,0,0,0,30,0,0,0,6,0,0,0,0,15,0,0,0,11,0
Alcalá,2013,65,0,168,0,0,372,0,0,0,30,0,0,0,0,0,8,20,0,0,0
Andalucia,2013,25,0,0,0,0,405,0,0,0,0,0,20,0,0,0,20,0,0,0,0
Ansermanuevo,2013,38,0,18,0,0,5,0,31,10,3.5,10,1,0,0,5.5,0,0,7,0,0
Argelia,2013,302.6,0,211,0,0,5,0,0,0,9,0,0,0,0,6,0,0,0,0,0
Bolivar,2013,44,0,84,0,8,41,0,46,20,273,0,128,40,42,32,60,51,31,47,27
Buenaventura,2013,0,367,122,803,3466,0,333,0,0,0,0,0,0,0,0,0,0,0,0,0
Buga,2013,8.6,0,71,0,0,10,0,15,0,4,5,2,0,0,4,15,60,0,3,2
Bugalagrande,2013,27,0,0,0,0,590,0,9,45,0,0,10,0,0,0,0,0,10,0,0
Caicedonia,2013,293,0,403,0,0,1958,0,0,62,0,0,0,0,0,0,0,70,0,0,0
Calima Darién,2013,50,0,5.5,0,0,0,0,4,0,59.5,0,0,0,0,15.5,0,0,1,8,0
Candelaria,2013,0,0,0,0,0,32.3,0,0,0,0,0,11,0,0,0,0,0,0,0,0
Cartago,2013,15.2,0,30,0,0,118,0,0,0,5.9,0,0,0,0,0,0,1.5,0,0,0
Dagua,2013,60,0,119,0,17,10,0,4.5,6,30,0,20,0,0,0,0,950,6,0,0
El Aguila,2013,19,0,11,0,0,0,0,7,0,20.5,0,0,0,0,22,0,0,0,4,0
El Cairo,2013,0,0,0,0,0,0,0,8,0,4,0,0,0,0,16,0,0,0,0,0
El Cerrito,2013,40,0,14,0,0,25,0,0,0,0,0,20,0,0,4,0,0,0,0,280
El Dovio,2013,5,0,40,0,0,0,0,4,0,54,0,5,0,0,0,0,0,2,0,0
Florida,2013,8,0,130,0,0,90,0,7,4,0,4,5,0,0,35,16,5,0,5,0
Ginebra,2013,0,0,147,0,0,29,0,7,0,14,0,13,0,0,224,12,0,0,0,71
Guacarì,2013,47,0,274,0,0,64,0,0,16,47,0,80,0,0,0,110,0,0,30,199
Jamundì,2013,4.5,0,11,0,0,470,0,0,4,7.5,27,9.5,0,0,10.5,9,7,0,3,0
La Cumbre,2013,0,0,64.5,0,0,0,0,0,0,39,0,0,0,0,0,0,115.5,0,0,0
La Uniòn,2013,19.4,0,35.3,0,0,23,0,0,13,7,0,138,42,43,0,158,0,0,0,1048
La Victoria,2013,15,0,143,0,0,61,0,0,0,0,28,48,0,0,0,16,0,0,0,4
Obando,2013,16.6,0,416,0,0,85,0,0,0,0,18,15,0,0,0,11,0,0,0,0
Palmira,2013,69,0,92,0,0,75,0,0.6,0,17,0,21,0,2,26,0,0,0,14,8.7
Pradera,2013,2,0,30,0,0,25,0,0,30,13,0,0,0,0,15,0,20,0,5,0
Restrepo,2013,64,21,68,0,0,25,0,1,0,89,0,16,0,0,11,0,380,35,2,0
Riofrìo,2013,24,0,476,0,0,6,0,0,3,156,9,7,0,0,26,0,4,3,0,9
Roldanillo,2013,36,0,35.5,0,0,11,0,7,18,4,0,134,53.1,47,4,135.2,45,9,0,37
San Pedro,2013,21,0,70,0,0,32.6,0,30,7,23,6,73,0,0,14,43,0,0,14,0
Sevilla,2013,320,0,1810,0,0,1192,0,20,0,70,0,0,0,0,22,0,0,0,0,0
Toro,2013,8,0,4,0,0,10,0,0,148,0,0,22,40,40,0,50,0,0,0,235
Trujillo,2013,54,0,597,0,0,22,0,0,3,70,0,15,4,3,138,45,4,3,0,9
Tuluà,2013,14.1,0,540,0,0,53,0,9,3,161,0,0,0,0,119,30,0,0,0,10
Ulloa,2013,124.5,3,88,0,0,67,0,0,0,0,0,0,0,0,0,0,11,0,0,0
Versalles,2013,37.5,0,96,0,0,0,0,28,0,46,0,18,0,0,21.4,0,0,3,0,0
Vijes,2013,19,0,39,0,0,36,0,0,0,0,13,0,0,0,0,44,130,0,0,0
Yotoco,2013,40.5,0,0,0,0,31.5,0,0,0,12,0,0,0,0,0,0,4,11,0,0
Yumbo,2013,33,0,14,0,0,69.5,0,4,10,9,23.7,7,6,5,3,13,5,2,1,19
Zarzal,2013,0,0,0,0,0,351.5,0,0,19.5,0,0,31.7,18,12,0,29.7,11.7,0,0,0
Cali,2012,3,0,15,0,0,39,0,0,0,11,4,0,0,0,11,0,0,0,12,0
Alcalá,2012,65,3.6,138,0,0,352,0,0,0,55,0,0,0,0,0,0,20,0,0,0
Andalucia,2012,8,0,0,0,0,147,0,0,0,0,0,10,0,0,0,45,0,0,0,0
Ansermanuevo,2012,32,0,37,0,0,3,0,17,11.5,14.5,10,2,0,0,17.5,0,0,7,0,0
Argelia,2012,290.8,0,186,0,0,5,0,0,0,17,0,0,0,0,6,0,0,0,0,0
Bolivar,2012,41.9,0,75,0,10,41.5,0,40,20,260.5,0,137.5,32,21,34,64,49,30.5,54,23
Buenaventura,2012,0,466,129,811,3476,0,321,0,0,0,0,0,0,0,0,0,0,0,0,0
Buga,2012,21,0,140,0,0,90,0,4,13,23,25,6,0,0,28,12,60,0,30,1
Bugalagrande,2012,27,0,0,0,0,590,0,9,45,0,0,10,0,0,0,0,0,10,0,0
Caicedonia,2012,255,0,259,0,0,1815,0,6,50,0,0,7,0,0,0,0,75,0,0,0
Calima Darién,2012,75,0,0,0,0,4,0,7,0,66.5,0,0,0,0,20.5,0,0,3,8,0
Candelaria,2012,0,0,0,0,0,32.3,0,0,0,0,0,10,0,0,0,0,0,0,0,0
Cartago,2012,6.2,0,30,0,0,115.2,0,0,0,10.9,0,0,0,0,0,0,0,0,0,0
Dagua,2012,50,0,122,0,14,72,0,0,0,35,0,13,0,0,0,0,700,0,0,0
El Aguila,2012,0,0,10,0,0,5.1,0,7,0,0,0,0,0,0,20,0,0,0,0,0
El Cairo,2012,33.6,0,621,0,0,0,0,3.5,0,3.2,0,0,0,0,2,0,0,5.5,0,0
El Cerrito,2012,37.9,0,14,0,0,18.3,0,0,0,0,0,10,0,0,10,0,0,0,0,160
El Dovio,2012,4,0,44,0,0,0,0,3,0,32,0,3,0,0,9,0,0,2.5,0,0
Florida,2012,3,0,110,0,0,82,0,5,8,6,4,0,0,0,25,0,0,0,4,0
Ginebra,2012,0,0,155,0,0,31.5,0,5,0,18,0,0,0,0,21,0,0,0,0.5,165
Guacarì,2012,56,0,258,0,0,83,0,7,17,15.5,0,39,0,0,71,43,0,0,3,184
Jamundì,2012,4,0,12,0,0,457,0,0,5,7.5,27,9,0,0,9.5,8,12,0,4,0
La Cumbre,2012,0,0,65.5,0,0,0,0,0,0,34,0,0,0,0,0,0,116.5,0,0,0
La Uniòn,2012,18.1,0,35,0,0,0,0,0,8,0,0,130,63,70,0,163,0,0,0,1162
La Victoria,2012,14.6,0,143,0,0,51,0,0,0,0,15,30,0,0,0,103.5,0,0,0,5.3
Obando,2012,8.6,0,396,0,0,120,0,0,0,0,17.5,7,0,0,0,6,0,0,0,0
Palmira,2012,66,0,88,0,0,68,0,0,8,15,0,18.5,0,0,25,0,25,0,14,8
Pradera,2012,6.4,0,33,0,0,25.4,0,0,30,7,0,0,0,0,5,0,0,0,5,0
Restrepo,2012,57,16,65,0,0,25,0,1,0,71,0,14.7,0,0,10,0,540.5,40,3,0
Riofrìo,2012,9.6,0,380,0,0,65,0,3,2,82,7,0,0,0,20,12,0,3,0,0
Roldanillo,2012,35,0,33,0,0,14,0,9,17,4,0,153,25,34.6,4,150,4.5,11,0,32
San Pedro,2012,21,0,73,0,0,33,0,25,14,23,6,75,0,0,14,33,0,0,0,0
Sevilla,2012,320,0,1825,0,0,1191.9,0,27.5,0,91,0,0,0,0,22,0,0,0,0,0
Toro,2012,10,0,7,0,0,30,0,0,211,0,0,0,52,56,0,117,0,0,0,499
Trujillo,2012,45,0,536,0,0,19,0,0,2,4,0,14,6,2,120,30,3,1,0,7
Tuluà,2012,12.1,0,537,0,0,130,0,9,18,161,6,110,0,0,113,130,0,0,68,10
Ulloa,2012,120,3,103,0,0,192,0,0,9.9,4,0,0,0,0,0,0,37.1,0,0,0
Versalles,2012,22,0,83,0,0,0,0,14,0,34,0,4,0,0,6.9,4,0,3,0,0
Vijes,2012,13.2,0,34,0,0,30,0,0,0,14,13,0,0,0,0,38,95,0,0,0
Yotoco,2012,95,0,0,0,0,38,0,6,0,35,0,3,0,0,0,56,7,11,0,0
Yumbo,2012,34,0,13,0,0,46.1,0,4,10,7,24,4,6,8,3.5,22.3,10,1,1,12.5
Zarzal,2012,0,0,0,0,0.2,351.5,0,0,10,0,0,13.7,51.1,1.1,0,15.7,10.7,0,0,0
Cali,2011,10,0,20,0,0,35,0,0,0,8,8,0,0,0,13,0,0,0,12,0
Alcalá,2011,42.2,3.6,68,0,0,336,0,0,0,25,0,0,0,0,0,0,21,0,0,0
Andalucia,2011,8,0,0,0,0,147,0,0,0,0,0,15,0,0,0,55,0,0,0,0
Ansermanuevo,2011,27.3,0,37,0,0,3,0,5,0,15.5,10,4,0,0,20.5,0,0,0,0,0
Argelia,2011,278.6,0,170,0,0,5.1,0,0,0,13,0,0,0,0,4,0,0,0,0,0
Bolivar,2011,32.9,0,68.5,0,10,39.5,0,38,9,240.5,0,100.5,36,40,34,67,43,32.5,50,17
Buenaventura,2011,0,466,129,811,3476,0,321,0,0,0,0,0,0,0,0,0,0,0,0,0
Buga,2011,21,0,140,0,0,90,0,4,13,23,25,6,0,0,28,12,60,0,30,1
Bugalagrande,2011,27,0,0,0,0,590,0,9,45,0,0,8,0,0,0,0,0,10,0,0
Caicedonia,2011,238,0,259,0,0,1517,0,8,24,0,0,17,0,0,0,0,90,0,0,0
Calima Darién,2011,131,0,0,0,0,4,0,13,0,108.5,0,0,0,0,40.5,0,0,3,5,0
Candelaria,2011,0,0,0,0,0,31,0,0,0,0,0,5,0,0,0,0,0,0,0,0
Cartago,2011,5.1,0,30,0,0,108.8,0,0,0,6.2,0,6.2,0,0,0,0,0,0,0,0
Dagua,2011,50,0,122,0,14,72,0,0,0,35,0,13,0,0,0,0,700,0,0,0
El Aguila,2011,3.2,0,11.1,0,0,5.1,0,7,0,14,0,0,0,0,20,0,0,0,8,0
El Cairo,2011,33.6,0,621,0,0,0,0,1.5,0,3.2,0,0,0,0,2,0,0,5.5,0,0
El Cerrito,2011,37.9,0,11,0,0,18.3,0,0,0,0,0,0,0,0,10,0,0,0,0,160
El Dovio,2011,4,0,43,0,0,0,0,4,0,39,0,1,0,0,10,0,0,2.5,0,0
Florida,2011,3,0,110,0,0,82,0,5,8,6,4,0,0,0,25,0,0,0,6,0
Ginebra,2011,0,0,155,0,0,31.5,0,5,0,18,0,0,0,0,21,0,0,0,0.5,280
Guacarì,2011,48,0,238,0,0,58,0,0,19,47,0,65,0,0,118,72,0,0,26,194
Jamundì,2011,5.5,0,12,0,0,442.5,0,0,5,3,27,10,0,0,12.5,10,8,0,4.5,0
La Cumbre,2011,0,0,65.5,0,0,0,0,0,0,35,0,0,0,0,0,0,125,0,0,0
La Uniòn,2011,0,0,30,0,0,0,0,0,10.9,0,0,51.2,98.8,70,0,124,0,0,0,1120
La Victoria,2011,14.6,0,143,0,0,51,0,0,0,0,15,30,0,0,0,103.5,0,0,0,5.3
Obando,2011,12.6,0,393,0,0,120,0,0,0,0,15.5,10,0,0,0,9,0,0,0,0
Palmira,2011,51,0,88,0,0,63,0,0,8,15,0,7.8,0,0,25,0,5,0,14,8
Pradera,2011,6.4,0,33,0,0,25.4,0,0,30,7,0,0,0,0,5,0,0,0,5,0
Restrepo,2011,55,16,65,0,0,30,0,2,0,48.5,0,14,0,0,11,0,559,40,5,0
Riofrìo,2011,9.6,0,380,0,0,65,0,3,2,82,7,0,0,0,20,12,0,3,0,0
Roldanillo,2011,15,0,30,0,0,13.5,0,9,17.3,4.4,0,106.3,117,60.3,4.2,278,0,7.2,0,2.3
San Pedro,2011,21.3,0,73,0,0,31.4,0,0,7,23,6,66.6,0,0,12,0,0,0,13,0
Sevilla,2011,320,0,1897,0,0,1280,0,20.5,0,68,0,0,0,0,17,0,0,0,0,0
Toro,2011,9.5,0,5,0,0,87,0,0,326,0,0,0,45,45,0,95,0,0,0,412
Trujillo,2011,29,0,692,0,0,22.3,0,0,1,0,0,6,0,0,156,0,1,1,0,8
Tuluà,2011,22.1,0,537,0,0,140.7,0,9,18,161,6,110,0,0,113.7,130,0,0,63,10
Ulloa,2011,45.7,3,102.8,0,0,192,0,0,0,0,0,0,0,0,0,0,32.6,0,0,0
Versalles,2011,11.5,0,91.5,0,0,0,0,17,0,24,0,2,0,0,9.4,0,0,0,0,0
Vijes,2011,5.2,0,27,0,0,20.3,0,0,0,0,10,0,0,0,0,26,95,0,0,0
Yotoco,2011,109.2,0,0,0,0,34.4,0,0,0,18.5,0,3.7,0,0,0,43.8,12.5,10.5,0,0
Yumbo,2011,28.5,0,17,0,0,55.1,0,4,12,6.2,20.7,45.8,0,2,2.5,29.3,15,1,2,13.5
Zarzal,2011,0,0,0,0,0,245,0,0,41.7,0,0,29.5,97.5,100,0,40,7.2,0,0,0
Cali,2010,15,0,20,0,0,40,0,0,0,12,8,0,0,0,15,0,0,0,12,0
Alcalá,2010,67,6,104,0,0,336,0,8,0,0,0,0,0,0,0,0,22,0,0,0
Andalucia,2010,26,0,0,0,0,348,0,0,3.2,0,0,55,0,0,0,115,0,0,0,0
Ansermanuevo,2010,27.4,0,35,0,0,1,0,5,12.5,4.5,10,4,66,64,17.5,0,0,4,0,0
Argelia,2010,190.8,0,170,0,0,5.1,0,0,0,10,0,0,0,0,2,0,0,0,0,0
Bolivar,2010,34.4,0,65,0,10,42,0,39,7,230,0,117,54,45,32.5,110,39,38,43,13.5
Buenaventura,2010,0,443,130,813,3482,0,325,0,0,0,0,0,0,0,0,0,0,0,0,0
Buga,2010,14,0,140,0,0,75,0,4,13,28,25,45,0,0,28,12,50,0,30,1
Bugalagrande,2010,37,0,0,0,0,610,0,9,50,0,0,8,0,0,0,0,0,10,0,0
Caicedonia,2010,226,0,253,0,0,1411,0,10,24,0,0,27,0,0,0,0,108,0,0,0
Calima Darién,2010,150,0,0,0,0,0,0,14,0,104.5,0,0,0,0,40.5,0,0,5,10,0
Candelaria,2010,0,0,0,0,0,27,0,0,0,0,0,4,0,0,0,0,0,0,0,0
Cartago,2010,5.1,0,25,0,0,78.8,0,0,0,0,0,5.1,0,0,0,0,2,0,0,0
Dagua,2010,50,0,122,0,14,72,0,0,0,35,0,13,0,0,0,0,700,0,0,0
El Aguila,2010,3.2,0,11.1,0,0,5.1,0,7,0,12,0,0,0,0,20,0,0,0,8,0
El Cairo,2010,31.1,0,618,0,0,0,0,3,0,4,0,0,0,0,1,0,0,5,3,0
El Cerrito,2010,17.9,0,11,0,0,18.3,0,0,0,0,0,9,0,0,10,0,0,0,0,155
El Dovio,2010,0,0,48,0,0,0,0,7,0,43,0,3,0,0,8,0,0,2.5,0,0
Florida,2010,3,0,102,0,0,82,0,5,8,6,4,0,0,0,20,0,0,0,6,0
Ginebra,2010,0,0,150,0,0,31.5,0,5,0,25,0,0,0,0,90,0,0,0,25,300
Guacarì,2010,48,0,238,0,0,58,0,0,19,47,0,65,0,0,118,72,0,0,26,194
Jamundì,2010,9.5,0,18.5,0,0,488.5,0,0,5,9,27,8,0,0,21,5,3,0,7,0
La Cumbre,2010,0,0,69,0,0,0,0,0,0,52,0,0,0,0,0,0,128,17,0,0
La Uniòn,2010,0,0,33,0,0,0,0,0,13,0,0,152,100,50,0,211,0,0,0,1179
La Victoria,2010,10,0,143,0,7,51,0,0,0,0,15,25,0,16.1,0,30,0,0,0,2
Obando,2010,12.3,0,377,0,0,125,0,0,0,0,16,10,0,0,0,8,0,0,0,0
Palmira,2010,51,0,72,0,0,63,0,0,8,15,0,11.5,0,0,25,0,5,0,14,8
Pradera,2010,6.4,0,33,0,0,25.4,0,0,30,7,0,0,0,0,5,0,0,0,5,0
Restrepo,2010,51,11,62,0,0,28,0,0,0,71.5,0,14,0,0,7,0,535,37,3,0
Riofrìo,2010,9.6,0,380,0,0,65,0,3,2,82,7,0,0,0,20,12,0,3,0,0
Roldanillo,2010,38.7,0,28.7,0,0,14,0,14.3,17.4,7.6,0,204.9,96,47,5.2,173.9,0,10.5,0,25
San Pedro,2010,21.3,0,73,0,0,31.4,0,0,7,23,6,66.6,0,0,12,0,0,0,13,0
Sevilla,2010,0,0,1725,0,0,1171.9,0,7.5,0,51,0,0,0,0,17,0,0,0,0,0
Toro,2010,10.5,0,14,0,0,87,0,0,340,0,0,0,45,45,0,108,0,0,0,422
Trujillo,2010,29,0,692,0,0,22.3,0,0,1,0,0,6,0,0,156,0,1,1,0,8
Tuluà,2010,23.6,0,535,0,0,142.2,0,9,18,155,6,110,0,0,113.7,130,0,0,53,10
Ulloa,2010,54.7,0,111.8,0,0,192,0,0,0,0,0,0,0,0,0,0,37.1,0,0,0
Versalles,2010,0,0,90.5,0,0,0,0,32,0,32,0,4,0,0,12.4,0,0,0,5.5,0
Vijes,2010,21.2,0,33,0,0,19.3,0,0,0,0,10,0,0,0,0,26,92,0,0,0
Yotoco,2010,110.7,0,0,0,0,33,0,0,0,15.5,0,3,0,0,0,48.5,14.5,10,0,0
Yumbo,2010,28.5,0,17,0,0,55.1,0,4,12,6.2,20.7,45.8,0,2,2.5,29.3,15,1,2,13.5
Zarzal,2010,0,0,0,0,0,251.7,0,0,41.7,0,0,129.5,180,120,0,370,0,0,0,0
Cali,2009,15,0,20,0,0,57.9,0,0,0,10,8,0,0,0,15,0,0,0,15,0
Alcalá,2009,69.7,6,99,0,0,341.2,0,7.6,0,0,0,0,0,0,0,0,32,0,0,0
Andalucia,2009,55.7,0,0,0,0,450.9,0,0,6.2,0,,45,0,0,0,150,0,0,0,0
Ansermanuevo,2009,27.2,0,35,0,0,3,0,10,6,4.5,10,69,0,0,13.5,,0,4,0,0
Argelia,2009,190.8,0,170,0,0,5.1,0,0,0,10,0,0,0,0,2,0,0,0,0,0
Bolivar,2009,35.4,0,56,0,3,39.6,0,38,7,175,0,52,4.5,3.5,27.5,71,33,36,33,13.5
Buenaventura,2009,0,345,133,815,3482,0,332,0,0,0,0,0,0,0,0,0,0,0,0,0
Buga,2009,16.1,0,133,0,0,64,0,6,29,28,25,45,0,0,28,9,50,0,52,1
Bugalagrande,2009,47.2,0,590,0,0,619.5,0,15,50,0,0,41,0,0,0,0,0,8,0,0
Caicedonia,2009,242.2,0,245,0,0,1713.2,0,,15,0,0,31,0,0,0,0,75,0,0,0
Calima Darién,2009,183.3,,,,,20.3,,12,,90.5,,,,,36.5,,1,3,2.5,
Candelaria,2009,0,0,0,0,0,27,0,0,0,0,0,,0,0,0,0,0,0,0,0
Cartago,2009,5.1,0,25,0,0,78.8,0,0,0,0,0,7.1,0,0,0,0,3,0,0,0
Dagua,2009,53.6,0,125,19.6,14,73.1,0,0,,47,0,0,0,0,0,0,656,0,3,0
El Aguila,2009,3.2,0,11,0,0,5.1,0,7,0,12,0,0,0,0,20,0,0,0,8,0
El Cairo,2009,8.6,0,616,0,0,0,0,3,0,2,0,0,0,0,2,0,0,5,0,0
El Cerrito,2009,12.9,0,11,0,0,17.3,0,0,0,0,0,19,0,0,10,0,0,0,0,150
El Dovio,2009,0,,63,,,0,,8,,42,,4,,,4.5,,,2.5,0,0
Florida,2009,2.1,0,138,0,0,94.4,0,0,13,28,9,0,0,0,49,0,0,0,16,0
Ginebra,2009,0,0,120,0,0,31.5,0,5,0,25,0,0,0,0,90,0,0,0,25,300
Guacarì,2009,51.4,0,237,0,0,57.9,0,0,19,56,0,50,0,0,98,32,0,0,20,189
Jamundì,2009,4.3,0,20,0,,487.5,0,6,3,10,27,6,0,0,50,16,,0,4,0
La Cumbre,2009,0,0,69,0,0,9.1,0,0,,58,0,,0,0,,,98,17,,
La Uniòn,2009,0,0,31,0,0,0,0,0,11,0,0,262,50,38,0,398,0,0,0,1309
La Victoria,2009,7.5,0,140,0,7,50.8,0,0,0,0,15,30,0,0,0,63.5,0,0,0,2
Obando,2009,4.3,0,369,0,,106.6,0,0,,0,5,0,0,0,0,0,0,0,0,0
Palmira,2009,54.7,0,62,0,0,64,0,0,8,15,25,11.5,0,0,25,0,5,0,14,8
Pradera,2009,6.4,0,33,0,0,25.4,0,0,30,7,0,0,0,0,5,0,0,0,5,0
Restrepo,2009,59,6,55,,,23.4,,2,,84,,11,,,6,,480,27,5,
Riofrìo,2009,9.6,0,380,0,0,65,0,3,2,82,7,0,0,0,20,12,0,3,0,0
Roldanillo,2009,47.9,0,31.7,0,0,23.4,0,15.3,21.4,5.6,0,222.9,101.8,50.9,3.2,193.9,0,9.5,1.5,25
San Pedro,2009,19.3,0,70,0,0,28.4,0,0,7,20,6,56.5,0,0,15,,0,0,10,0
Sevilla,2009,0,0,1716,0,0,1166.9,0,8.5,0,48,0,0,0,0,15,0,0,0,0,0
Toro,2009,7.5,0,14,0,0,86.3,0,5,340,4,0,0,56,50,0,106,0,0,0,422
Trujillo,2009,29,0,712,0,0,22.3,0,7,3,15,0,10,8,,156.8,10,1,6,0,8
Tuluà,2009,23.6,0,533,0,0,142.2,0,7,18,70,6,116,0,0,113.7,130,0,0,52,10
Ulloa,2009,63.2,4,31,0,0,179.8,0,0,0,0,0,0,0,0,0,0,37,0,0,0
Versalles,2009,0,0,90.5,0,0,0,0,45,0,36,0,9,0,0,9.4,0,0,0,3.5,0
Vijes,2009,18.2,0,28,0,0,18.3,0,0,0,,10,0,0,0,0,26,80,0,0,0
Yotoco,2009,99.7,0,0,0,0,25.4,0,0,0,7,0,3,0,0,0,31,1.2,10,0,0
Yumbo,2009,30.2,0,19,0,0,60.1,0,4,17,6.2,20.7,31.8,3,3.8,2.5,39.3,20,1,2,14
Zarzal,2009,0,0,0,0,0,242.7,0,0,48,0,2,37,270,150,0,460,0,0,0,0
Cali,2008,11,0,15,0,0,57,0,0,0,15,7,0,0,0,3,0,0,0,22,0
Alcalá,2008,60,6,159,0,0,336,0,0,0,0,0,0,0,0,0,0,44,0,0,0
Andalucia,2008,52,0,0,0,0,598.6,0,0,9.2,0,0,190,0,0,0,13,0,0,0,0
Ansermanuevo,2008,19,0,31,0,0,23,0,8,12,3,10,41,0,0,17,,0,6,0,0
Argelia,2008,103,0,170,0,0,13,0,0,0,7,0,0,0,0,0,0,0,0,0,0
Bolivar,2008,31,0,53,0,0,34,0,38,7,140,0,38,32,20,19,66,43,36,35,12
Buenaventura,2008,0,340,130,800,3467,0,325,0,0,0,0,0,0,0,0,0,0,0,0,0
Buga,2008,6,0,100,0,0,63,0,2,25,20,18,46,0,0,19,4,60,0,65,1
Bugalagrande,2008,44,0,590,0,0,560,0,15,50,0,0,8,0,0,0,0,0,8,0,0
Caicedonia,2008,196,0,247,0,0,1196,0,,15,0,0,31,0,0,0,0,0,0,0,0
Calima Darién,2008,189,,,,,20,,8,,85,,,,,32,,1,10,,
Candelaria,2008,0,0,0,0,0,27,0,0,0,0,0,,0,0,0,0,0,0,0,0
Cartago,2008,0,0,25,0,0,70,0,0,0,0,0,5,0,0,0,0,0,0,0,0
Dagua,2008,50,0,127,22,14,75,0,0,8,85,0,0,0,0,0,0,486,0,3,0
El Aguila,2008,3,0,11,0,0,5,0,7,0,10,0,0,0,0,20,0,0,0,5,0
El Cairo,2008,8,0,616,0,0,0,0,3,0,2,0,0,0,0,2,0,0,3,0,0
El Cerrito,2008,12,0,11,0,0,17,0,0,0,0,0,15,0,0,10,0,0,0,0,150
El Dovio,2008,0,,60,,,,,11,,50,,2,,,1.5,,,2.5,0,0
Florida,2008,2,0,138,0,0,93,0,0,14,28,9,0,0,0,49,0,0,0,16,0
Ginebra,2008,0,0,120,0,0,25,0,5,0,25,0,0,0,0,90,0,0,0,25,300
Guacarì,2008,28,0,233,0,0,57,0,0,18,56,0,41,0,0,93,54,0,0,20,179
Jamundì,2008,3,0,21,0,3,474,0,0,6,17,25,26,0,0,153,16,,0,4,0
La Cumbre,2008,28,0,233,0,0,57,0,0,18,56,0,41,0,0,93,24,74,17,20,179
La Uniòn,2008,0,0,29,0,0,0,0,0,11,0,0,297,130,100,0,440,0,0,0,1250
La Victoria,2008,0,0,170,0,7,50,0,0,0,0,11,40,0,0,0,61,0,0,0,2
Obando,2008,4,0,206,0,,105,0,0,,0,5,0,0,0,0,0,0,0,0,0
Palmira,2008,51,0,62,0,0,63,0,0,8,5.5,25,11.5,0,0,9.5,0,5,0,15.5,10
Pradera,2008,4,0,30,0,0,25,0,0,30,5,0,0,0,0,5,0,0,0,5,0
Restrepo,2008,51,6,51,,,20,,2,,62,,8.5,,,6,,410,23,4,
Riofrìo,2008,5,0,380,0,0,61,0,3,1,82,3,0,0,0,20,14,0,3,0,0
Roldanillo,2008,140,0,0,0,0,89,0,0,0,36,0,260,70,70,0,120,0,45,0,70
San Pedro,2008,16,0,68,0,0,25.5,0,0,5.7,16,6,8.5,0,0,11,5,0,0,7,0
Sevilla,2008,0,0,1430,0,0,630,0,7,0,40,0,0,0,0,12,0,0,0,0,0
Toro,2008,7,0,14,0,0,85,0,5,340,4,0,0,0,62,0,100,0,0,0,380
Trujillo,2008,26,0,351,0,0,10,0,0,0,13,0,0,6,,116,,0,6,0,0
Tuluà,2008,22,0,533,0,0,140,0,0,,150,,110,0,0,95,130,0,0,52,10
Ulloa,2008,59,4,28,0,0,177,0,0,0,0,0,0,0,0,0,0,29,0,0,0
Versalles,2008,0,0,91,0,0,0,0,39,0,57,0,4,0,0,3.2,0,0,0,4,0
Vijes,2008,14,0,20,0,0,17,0,0,0,,8,0,0,0,0,18,130,0,0,0
Yotoco,2008,100,0,0,0,0,29,0,0,0,9,0,0,0,0,0,41,0,10,0,0
Yumbo,2008,26,0,17,0,0,57,0,,18,1,20,8,0,0,0,7,9,1,1,3
Zarzal,2008,0,0,0,0,0,239,0,0,48,0,2,24,15,5,0,670,0,0,0,0
Cali,2007,17,0,15,0,0,40,0,0,0,15,7.5,0,0,0,3,0,0,0,22,0
Alcalà,2007,55,6,99,0,0,335.7,0,0,0,0,0,0,0,0,0,0,12,0,0,0
Andalucia,2007,62,0,0,0,0,364,0,0,10.6,0,0,176,0,0,0,93,0,0,0,0
Ansermanuevo,2007,18.3,0,30.2,0,0,32.5,0,15,18,0,10,0,0,0,12,50,0,13,0,0
Argelia,2007,111,0,158,0,0,26,0,0,0,15,0,0,0,0,0,0,0,0,0,0
Bolivar,2007,26,0,48,0,0,29.4,0,31,0,140,0,134.5,70,50,22,104,35,45,36,9.5
Buenaventura,2007,0,361,127,807,3463,0,325,0,0,0,0,0,0,0,0,0,0,0,0,0
Buga,2007,11,0,119,0,0,80,0,4,35,45,20,13,0,0,48,10,65,0,111,1
Bugalagrande,2007,43,0,590,0,0,460,0,14,50,0,0,18,0,0,0,0,0,7,0,0
Caicedonia,2007,184,0,233,0,0,1071,0,4,10,0,0,58,0,0,0,0,0,0,0,0
Candelaria,2007,0,0,0,0,0,10,0,0,0,0,0,49,0,0,0,0,0,0,0,0
Cartago,2007,0,0,25,0,0,70,0,0,0,0,0,2,0,0,0,0,0,0,0,0
Dagua,2007,50,0,153,22,19,83,0,0,8,129,0,0,0,0,0,0,520,0,5,0
Darièn,2007,199,0,0,0,0,30,0,6,0,76.5,0,0,0,0,28.5,0,0,14,2,0
El Aguila,2007,0,0,11.1,0,0,10,0,18,0,12,0,0,0,0,54,0,0,0,17,0
El Cairo,2007,0,0,41,0,0,0,0,3,0,5,0,0,0,0,9,0,0,0,0,0
El Cerrito,2007,0,0,11,0,0,17,0,0,0,0,0,45,0,0,16,0,0,0,0,170
El Dovio,2007,0,0,59,0,0,6,0,15,0,55,0,2,0,0,3,0,0,2,0,0
Florida,2007,7.2,0,136,0,0,99,0,0,16,14,0,0,0,0,24.5,0,0,0,8,0
Ginebra,2007,0,0,120,0,0,25,0,5,0,25,0,0,0,0,90,0,0,0,25,300
Guacarì,2007,28,0,353,0,0,0,0,0,23,56,0,41,0,0,85,24,0,0,11,169
Jamundì,2007,7,0,20,0,2.5,514,0,0,8,17,25,25,0,0,153,10,10,0,4,0
La Cumbre,2007,0,0,45,0,0,5.5,0,0,0,36,0,0,0,0,0,0,50,17,0,0
La Uniòn,2007,0,0,29,0,0,0,0,0,9.7,0,0,297,130,100,0,440,0,0,0,1200
La Victoria,2007,0,0,170,0,10,20,0,0,0,0,6.5,30,0,0,0,9,0,0,0,2
Obando,2007,4,0,310.5,0,2,60,0,0,2,0,5,0,0,0,0,0,0,0,0,0
Palmira,2007,51,0,62,0,0,63,0,0,8,5.5,25,11.5,0,0,9.5,0,5,0,15.5,10
Pradera,2007,4,0,50,0,0,25,0,0,34,5,0,0,0,0,5,0,0,0,5,0
Restrepo,2007,48,5,47,0,0,17,0,4,0,76,0,6,0,0,5,0,380,20,4,0
Riofrìo,2007,4.9,0,380,0,0,61,0,3,1,82,3,0,0,0,20,14,0,3,0,0
Roldanillo,2007,132,0,0,0,0,88,0,0,0,28,0,300,50,65,0,100,0,42,0,70
San Pedro,2007,14,0,68,0,0,24.5,0,0,5.7,16,6,6.5,0,0,9,5,0,0,7,0
Sevilla,2007,0,0,1300,0,0,630,0,10.5,0,80,0,0,0,0,12,0,0,0,0,0
Toro,2007,7,0,17,0,0,85,0,5,340,6,0,0,0,62,0,160,0,0,0,340
Trujillo,2007,19,0,316,0,0,10,0,0,0,13,0,0,5,6,270,8,0,4,0,0
Tuluà,2007,22.5,0,583,0,0,180,0,0,51,150,27,140,0,0,95,130,0,0,52,10.5
Ulloa,2007,44,0,22,0,0,192,0,0,0,0,0,0,0,0,0,0,20,0,0,0
Versalles,2007,0,0,90.5,0,0,0,0,45,0,62,0,3.5,0,0,3.5,0,0,0,4.5,0
Vijes,2007,4,0,17,0,0,16,0,0,0,8,10,0,0,0,0,8,80,0,0,0
Yotoco,2007,98,0,0,0,0,30,0,0,0,4.5,0,0,0,0,0,37,0,9.5,0,0
Yumbo,2007,26,0,16.6,0,0,52,0,1.1,18.4,1.2,19,9.5,0,0,0,7,7,0.7,0.6,3.4
Zarzal,2007,0,0,0,0,0,239,0,0,48,0,0,20,0,0,0,78,0,0,0,0
Cali,2006,15.3,0,7,0,0,100,0,0,0,10,0,0,0,0,10.6,0,0,0,12.7,0
Alcalà,2006,55,4,109,0,0,335.7,0,0,0,0,0,0,0,0,0,0,8,0,0,0
Andalucia,2006,10,0,0,0,0,360,0,0,8,0,0,73,0,0,0,36,0,0,0,0
Ansermanuevo,2006,15.3,0,30.2,0,0,32.5,0,15,15,0,5,0,0,0,12,0,0,13,3.5,0
Argelia,2006,88,0,138,0,0,21,0,0,0,15,0,0,0,0,0,0,0,0,0,0
Bolivar,2006,20,0,47,0,0,22.4,0,30,4.5,110,0,124.5,90,45,20,56,25,43,25,8.5
Buenaventura,2006,0,364,130,813,3472,0,341,0,0,0,0,0,0,0,0,0,3,0,0,0
Buga,2006,10,0,109,0,0,73,0,4,32,50,20,13,0,0,43,25,65,0,202,1
Bugalagrande,2006,40,0,560,0,0,415,0,6,50,28,0,18,0,0,0,9,0,0,0,0
Caicedonia,2006,175,0,250,0,0,974,0,0,5,0,0,24,0,0,0,0,0,0,0,0
Candelaria,2006,0,0,0,0,0,10,0,0,0,0,0,49,0,0,0,0,0,0,0,0
Cartago,2006,0,0,25,0,0,69.3,0,0,0,0,0,2,0,0,0,0,0,0,0,0
Dagua,2006,50,0,158,22,21,90,0,0,12,141,0,0,0,0,0,0,515,0,17.5,0
Darièn,2006,207,0,0,0,0,35,0,0,0,35,0,0,0,0,29.5,0,0,14,0,0
El Aguila,2006,0,0,8.1,0,0,10,0,21,0,12,0,0,0,0,51,0,0,0,21,0
El Cairo,2006,0,0,41,0,0,0,0,6,0,8,0,0,0,0,11,0,0,0,0,0
El Cerrito,2006,0,0,10,0,0,17,0,0,0,0,0,0,0,0,0,0,0,0,0,230
El Dovio,2006,0,0,65,0,0,5,0,13,0,50,0,2,0,0,2,0,0,3,0,0
Florida,2006,10.2,0,137,0,0,95,0,0,16,27,21.3,0,0,0,47.5,0,0,0,11,0
Ginebra,2006,0,0,120,0,0,25,0,5,0,25,0,0,0,0,90,0,0,0,25,300
Guacarì,2006,30,0,345,0,0,66,0,0,22,50,0,53,0,0,85,7,0,0,8,170
Jamundì,2006,8.5,0,20,0,2.5,319,0,0,8,25,45,8.5,0,0,93,26,15,0,5,0
La Cumbre,2006,0,0,40,0,0,4.5,0,0,0,30.2,0,0,0,0,0,0,40,17,0,0
La Uniòn,2006,0,0,25,0,0,58,0,0,7.7,0,10,150,80,100,0,300,0,0,0,1000
La Victoria,2006,0,0,0,0,10,20,0,0,0,0,0,10,0,0,0,0,0,0,0,2
Obando,2006,4.5,0,300.5,0,0,65.3,0,0,0,0,14.5,0,0,0,0,0,0,0,0,0
Palmira,2006,25,0,69,0,0,63,0,0,8,9.6,0,8,0,0,30,0,19,0,20,10
Pradera,2006,4,0,50,0,0,25,0,0,34,5,0,0,0,0,5,0,0,0,5,0
Restrepo,2006,38,3,44,0,0,15,0,3,0,74,0,4,0,0,4,2,350,30,3,0
Riofrìo,2006,0,0,0,0,0,60,0,0,0,43,0,0,0,0,20,0,0,0,0,0
Roldanillo,2006,132,0,0,0,0,88,0,0,0,28,0,300,65,20,0,100,0,42,0,70
San Pedro,2006,12,0,68,0,0,24.5,0,0,5.7,16,6,6.5,0,0,9,5,0,0,7,0
Sevilla,2006,0,0,1500,0,0,590,0,0,8,70,0,0,0,0,0,0,0,0,0,0
Toro,2006,7,0,35,0,0,85,0,10,340,0,0,0,85,70,0,150,0,0,0,240
Trujillo,2006,23,0,315,0,0,16,0,0,0,15,0,0,0,6,260,4,2,6,20,0
Tuluà,2006,20,0,530,0,0,190,0,0,45,53,25,45,0,0,200,60,0,0,26,10.5
Ulloa,2006,44,0,8,0,0,190,0,0,0,0,0,0,0,0,0,0,8,0,0,0
Versalles,2006,0,0,90.5,0,0,0,0,50,0,68,0,3.5,0,0,2.5,0,0,0,4.5,0
Vijes,2006,0,0,22,0,0,15,0,0,0,12,10,0,0,0,0,8,70,0,0,0
Yotoco,2006,273,0,16,0,0,16,0,0,0,7,0,19,0,0,0,46,0,6.5,0,0
Yumbo,2006,25,0,20,0,0,70,0,0,18,4,17,0,1,0,0,6,0,0,0,3
Zarzal,2006,0,0,0,0,0,239,0,0,48,0,1.7,0,0,0,0,50,0,0,0,0
Cali,2005,15.3,0,7,0,0,105.4,0,0,0,10,0,0,0,0,10.6,0,0,0,12.7,0
Alcalà,2005,45,4,94,0,0,335.7,0,0,0,0,0,0,0,0,0,0,8,0,0,0
Andalucia,2005,9,0,47.3,0,0,318.4,0,0,5.5,0,0,0,0,0,0,0,0,0,0,0
Ansermanuevo,2005,15.3,0,30.2,0,0,20.1,0,20,15,0,5,0,0,0,11,5.7,0,13,1.3,0
Argelia,2005,87.8,0,138.4,0,0,20.4,0,0,0,17.8,0,0,0,0,0,0,0,0,0,0
Bolivar,2005,18.1,0,35,0,0,24.4,0,70,4.5,95,0,75,90,90,30,75,30,39,35,3.5
Buenaventura,2005,0,360,121,813.5,3470,0,341,0,0,0,0,0,0,0,0,0,0,0,0,0
Buga,2005,7,0,94,0,0,63,0,3,27,49,18,12,0,0,33,19,59,0,202,1
Bugalagrande,2005,28,0,635.2,0,0,415,0,6,50,28,0,18,0,0,0,9,0,0,0,0
Caicedonia,2005,163,0,250,0,0,965,0,0,5,0,0,24,0,0,0,0,8,0,0,0
Candelaria,2005,3,0,0,0,0,10,0,0,3,0,0,73.5,0,0,0,0,5.5,0,0,0
Cartago,2005,0,0,25,0,0,69.3,0,0,1.5,0,0,5.1,0,0,0,0,0,0,0,0
Dagua,2005,50,0,146,22,21,83,0,0,12,135,0,0,0,0,0,0,470,0,17.5,0
Darièn,2005,206,0,0,0,0,22,0,1,0,30,0,0,0,0,23.5,0,0,14,0,0
El Aguila,2005,31.7,0,8.1,0,0,10,0,21,0,12,0,0,0,0,51,0,0,0,21,0
El Cairo,2005,0,0,40,0,0,0,0,0,0,18.4,0,0,0,0,13,0,0,0,0,0
El Cerrito,2005,0,0,10.4,0,0,17.1,0,0,0,0,0,0,8,8,0,0,0,0,0,230
El Dovio,2005,0,0,60,0,0,3,0,11,0,60,0,3,0,0,3,0,0,0,0,0
Florida,2005,10.2,0,137.2,0,0,94.4,0,0,16,27,21.3,0,0,0,47.5,0,0,0,10.6,0
Ginebra,2005,0,0,120,0,0,25,0,5,0,25,0,1.5,0,0,90,0,0,0,25,300
Guacarì,2005,28,0,195,0,0,66,0,0,20.5,55,0,45,0,0,60,15,0,0,6.4,159.9
Jamundì,2005,8.5,0,20,0,2,319,0,0,5,25,45,8,0,0,93,26,12,0,5,0
La Cumbre,2005,2,0,30.8,0,0,4.5,0,4.3,0,28.3,0,0,0,0,0.5,0,35.9,17,0,0
La Uniòn,2005,28.2,0,25,0,0,58,0,23.3,7.7,8.5,10,130,85.5,92.5,0,150,0,9.6,0,720
La Victoria,2005,1,0,191,0,10,20,0,0,0,0,0,4,0,0,0,0,0,0,0,2
Obando,2005,4.5,0,300.5,0,0,65.3,0,0,0,0,14.5,0,0,0,0,0,0,0,0,0
Palmira,2005,16,0,69,0,0,63,0,0,7.8,9.6,0,4,0,0,10,0,19,0,20,7.4
Pradera,2005,4.1,0,50,0,0,25,0,0,34,5,0,0,0,0,5,0,1.5,0,5,0
Restrepo,2005,30,3,42.6,0,0,13,0,5,0,70,0,3,0,0,4,9,400,26,3,0
Alcalà,2001,60,0,0,0,0,3976,0,0,0,0,0,0,0,0,0,0,2080,0,0,0
Riofrìo,2005,30,0,365,0,0,64,0,8,2,52,0,0,0,0,20,12,0,3.8,0,2.6
Roldanillo,2005,7,0,47,0,0,88.5,0,12,0,30,0,298,63,60,2,243,0,39,5,72.5
San Pedro,2005,11.2,0,67.3,0,0,23.5,0,0,1.5,15,6.2,5.5,0,0,8.4,4.5,0,0,6.2,0
Sevilla,2005,0,0,1700,0,0,592,0,0,8,55,0,0,0,0,0,0,0,0,0,0
Toro,2005,6.1,0,20,0,0,85.4,0,55,350,0,0,21,50,65,0,180,0,0,0,250
Trujillo,2005,21,0,310,0,0,15,0,10,0,22,0,7,8,8,260,5,3,9,25,0
Tuluà,2005,20,0,550,0,0,120,0,3.5,30,50,5,35,0,0,212,50,0,0,23,10.5
Ulloa,2005,43.4,0,7.6,0,0,189.7,0,0,0,0,0,0,0,0,0,,8,0,0,0
Versalles,2005,0,0,92.5,0,0,0,0,50,0,65,0,3.5,0,0,2,0,0,0,4.5,0
Vijes,2005,6.1,0,11,0,0,15,0,0,0,19,7,0,0,0,0,0,17,0,2,0
Yotoco,2005,273,0,16,0,0,9,0,0,0,7,0,22,0,0,0,46,0,6.5,0,0
Yumbo,2005,25,0,20,0,0,69.5,0,0,17,4,17,0,0,0,0,2,0,0,0,3
Zarzal,2005,0,0,0,0,0,233,0,0,48,0,1.7,45,0,20,0,63,0,0,0,4.6
Cali,2004,15.3,0,7,0,0,105.4,0,0,0,10,0,0,0,0,10.6,0,0,0,12.7,0
Alcalà,2004,30.4,3,70.4,0,0,335.7,0,0,0,7,0,0,0,0,0,0,2.8,0,0,0
Andalucia,2004,9,0,47.3,0,0,318.4,0,0,5.5,0,0,2.6,0,0,0,0,0,0,0,1
Ansermanuevo,2004,15.3,0,30.2,0,0,20.1,0,66.8,15,0,5,0,0,0,15,5.7,0,12,1.3,0
Argelia,2004,43.9,0,100,0,0,20.4,0,12.9,0,13.8,0,0,0,0,0,,0,0,0,0
Bolivar,2004,12.6,0,25,0,0,24.4,0,77.6,5,110,0,75,60,80,28.1,118.1,55,49.3,40,33.2
Buenaventura,2004,0,374.6,125.9,819.5,3563.5,0,341,0,0,0,0,0,0,0,0,0,0,0,0,0
Buga,2004,8.1,0,95.1,0,0,57,0,3,30,47,17.5,12,0,0,71.7,22,56.4,1,221.5,1
Bugalagrande,2004,28,0,635.2,0,0,414.6,0,6.3,50,20,0,17.5,0,0,0,72.2,0,0,0,0
Caicedonia,2004,294,0,99.7,0,0,950,0,0,0,0,0,0,0,0,0,0,0,0,0,0
Candelaria,2004,3,0,0,0,0,10,0,0,3,0,0,,0,0,0,0,5.5,0,0,0
Cartago,2004,0,0,23.7,0,0,69.3,0,0,1.5,0,0,3.6,0,0,0,0,0,0,0,0
Dagua,2004,50.3,0,137,24,23.4,84.5,0,0,0,117.5,0,11.5,0,0,0,0,419.4,9,10.6,0
Darièn,2004,236,0,0,0,0,19,0,4,0,35,0,0,0,0,29,0,0,13,0,0
El Aguila,2004,31.7,0,8.1,0,0,10,0,16.8,0,14,0,0,0,0,51,0,0,0,21.9,0
El Cairo,2004,0,0,41,0,0,0,0,18.4,0,21.1,0,0,0,0,18.6,0,0,3.3,6.9,0
El Cerrito,2004,0,0,10.4,0,0,17.1,0,0,0,0,0,0,0,0,0,0,0,0,0,205.8
El Dovio,2004,0,0,80,0,0,4.5,0,11,0,70,0,6,0,0,6.5,0,0,0,1,0
Florida,2004,10.2,0,137.2,0,0,94.4,0,0,16,27,21.3,0,0,0,45.7,7.1,32.6,0,10.6,0
Ginebra,2004,0,0,114.5,0,0,23.1,0,6.9,0,21,0,8,0,0,81,0,0,0,30.5,300
Guacarì,2004,34,0,342.4,0,0,66,0,0,16,51,0,31,0,0,60.9,16,0,0,6.4,148.9
Jamundì,2004,7.5,0,11,0,2,316,0,0,13,18,0,10,0,0,113.8,30,37,0,4.1,0
La Cumbre,2004,2,0,30.8,0,0,4.5,0,4.3,0,28.3,0,0,0,0,0.5,0,35.9,17,0,0
La Uniòn,2004,23.3,0,20.8,0,0,43.2,0,23.3,13.9,7.8,10,150.4,96.3,67.6,0,128,0,12.5,6.8,524.3
La Victoria,2004,1,0,191.2,0,10,57.2,0,0,0,0,0,13,0,0,0,0,0,0,0,3
Obando,2004,4.3,0,355.5,0,0,65.3,0,0,0,0,14.5,0,0,0,0,0,0,0,0,0
Palmira,2004,23.1,0,75.3,0,0,68,0,0,6.5,9.6,0,1.5,0,0,7.4,0,19,0,20,7.4
Pradera,2004,4.1,0,48.3,0,0,31,0,0,34,15,0,0,0,0,18.1,0,0,0,12.7,0
Restrepo,2004,58,3,42.6,0,0,12,0,5,0,66.2,0,3,0,0,2,8.4,364.7,22.9,4.2,0
Riofrìo,2004,29.6,0,362.9,0,0,63.5,0,13.5,2,50,0,0,0,0,16.5,25.5,0,3.8,0,2.6
Roldanillo,2004,16.5,0,44.2,0,0,78,0,36.3,0,11.9,3,262.6,27,25,2.6,63.2,0,33.7,5.4,57.6
San Pedro,2004,11.2,0,67.3,0,0,25.1,0,0,1.5,15,6.2,5.5,0,0,8.4,2.5,0,0,5.2,0
Sevilla,2004,0,0,1700,0,0,592,0,0,8,55,0,0,0,0,0,0,0,0,0,0
Toro,2004,6.1,0,33.1,0,0,36,0,126.1,172,14,0,152,35.8,46,0,119,0,0,8,235
Trujillo,2004,19,0,304,0,0,15,0,84.1,0,60,0,3,8,9,331.2,7,5,14,25,0
Tuluà,2004,20,0,504.1,0,0,119,0,3.5,21,43.5,5,23,0,0,212.4,7,0,0,22.9,10.5
Ulloa,2004,43.4,0,8.6,0,0,189.7,0,0,0,8,0,0,0,0,0,0,50,0,0,0
Versalles,2004,0,0,0,0,0,0,0,75.7,0,65,0,4.5,0,0,2.7,0,0,0,4.8,0
Vijes,2004,6.1,0,10.4,0,0,15,0,0,0,36.8,7,0,0,0,0,0,79.2,0,0,0
Yotoco,2004,208,0,16,0,0,6,0,0,1,2,0,0,0,0,0,7,0,6.4,0,0
Yumbo,2004,23.1,0,19.6,0,0,68,0,0,16.5,9,15,1.3,0,0,4,0,4.9,0,2.3,3
Zarzal,2004,0,0,0,0,0,172.3,0,0,8,0,0,0,0,0,0,0,0,0,0,4.8
Cali,2003,15.3,0,0,0,0,100.4,0,0,0,10,0,0,0,0,10.6,0,0,0,12.7,0
Alcalà,2003,27.4,0,0,0,0,335.7,0,0,0,7,0,0,0,0,0,0,2.8,0,0,0
Andalucia,2003,9,0,47.3,0,0,318.4,0,0,5.5,0,0,5.3,0,0,0,2.1,0,0,0,1
Ansermanuevo,2003,14.3,0,40.2,0,0,18.1,0,29.2,13,0,5,0,0,0,17,5.7,0,0,2.3,0
Argelia,2003,0,0,0,0,0,1.5,0,30.8,0,173,0,0,0,0,6.4,0,0,0,1.8,0
Bolivar,2003,4.1,0,35,0,0,18.4,0,217.6,5,120,0,60,45,56,26.6,92.1,57,42.3,35,53.2
Buenaventura,2003,0,369.6,125.9,819.5,3471.5,0,332.5,0,0,0,0,0,0,0,0,0,0,0,0,0
Buga,2003,6.1,0,87.1,0,0,47.2,0,11.3,34,35,17.5,10,0,0,62.7,21,106.4,3.8,204.6,1
Bugalagrande,2003,28.4,0,650.2,0,0,414.6,0,4.3,50,23,0,9.5,0,0,0,12.2,0,0,0,0
Caicedonia,2003,283,0,92.7,0,0,939.7,0,0,0,0,0,0,0,0,0,0,0,0,0,0
Candelaria,2003,3,0,0,0,0,9.1,0,0,3,0,0,0,0,0,0,0,0,0,0,0
Cartago,2003,0,0,23.7,0,0,69.3,0,0,1.5,0,0,4.7,0,0,0,0,0,0,0,0
Dagua,2003,15.3,0,110,12.5,25,62.2,0,0,0,56.5,0,11.5,0,0,0,0,569.4,9,10.6,0
Darièn,2003,204.3,0,0,0,0,24.1,0,6.1,0,25,0,0,0,0,35.5,0,0,8.3,0,0
El Aguila,2003,31.7,0,6.6,0,0,10,0,14.8,0,12,0,0,0,0,51,0,0,0,18.9,0
El Cairo,2003,0,0,36,0,0,0,0,17.9,0,20.4,0,0,0,0,12.6,1.2,0,3.3,6.9,0
El Cerrito,2003,0,0,10.4,0,0,17.1,0,0,0,0,0,0,0,0,0,0,0,0,0,205.8
El Dovio,2003,0,0,75.7,0,0,4.5,0,26,0,70,0,14,0,0,8.5,1.4,1.4,0,6.4,0
Florida,2003,10.2,0,137.2,0,0,94.4,0,0,16,27,21.3,0,0,0,45.7,7.1,32.6,0,10.6,0
Ginebra,2003,0,0,114.5,0,0,23.1,0,6.9,0,21,0,8,0,0,81.8,0,0,0,30.5,300
Guacarì,2003,38.8,0,317.4,0,0,63.2,0,0,17.5,48,0,28,0,0,65.9,9.9,12.1,0,6.4,147.9
Jamundì,2003,7.2,0,10.4,0,0,296.2,0,0,8,14,0,0,0,0,73.8,0,32.6,0,2.1,0
La Cumbre,2003,2.9,0,23.7,0,0,5.5,0,0,0,12.4,0,1.2,0,0,10.3,0,50.9,19,0,0
La Uniòn,2003,0,0,14.9,0,0,27.3,0,23.3,13.9,3.9,10,367.1,186.3,114.5,0,51.1,0,9.8,6.8,407.7
La Victoria,2003,1,0,190.2,0,10,57.2,0,0,0,0,0,15,0,0,0,0,0,0,0,3
Obando,2003,4.1,0,317.5,0,0,65.3,0,0,0,0,14.5,0,0,0,0,0,0,0,0,0
Palmira,2003,23.3,0,75.3,0,0,63.2,0,0,1,6,0,1,0,0,7.4,0,27,0,21.2,6
Pradera,2003,4.1,0,48.3,0,0,31.1,0,0,34,15,0,0,0,0,18.1,0,0,0,12.7,0
Restrepo,2003,58.2,0,60.6,0,0,16.3,0,0,0,84,0,0,0,0,0,1.4,434.7,19.9,4.2,0
Riofrìo,2003,29.6,0,362.9,0,0,63.5,0,13.5,2,50,0,0,0,0,16.5,25.5,0,3.8,0,2.6
Roldanillo,2003,10.4,0,49.2,0,0,76.5,0,64.4,0,7.6,3,266.8,40,67,7.6,58.4,0,0,11.4,52.5
San Pedro,2003,11.2,0,65.3,0,0,23.1,0,0,1,11,4,3.5,0,0,6.4,1.5,0,0,3.2,0
Sevilla,2003,0,0,511.1,0,0,364.4,0,0,0,55,0,0,0,0,0,0,0,0,0,0
Toro,2003,6.1,0,33.1,0,0,46,0,111.1,142,22,0,152,62,60,0,104,0,0,8,215
Trujillo,2003,7.2,0,108.8,0,0,15,0,104.1,0,80,0,0,9,9,327.2,0,0,15.4,8.5,0
Tuluà,2003,20,0,514.1,0,0,122,0,3.5,17,67,6,22,0,0,212.4,0,0,0,24.4,10.5
Ulloa,2003,43.4,0,7.6,0,0,189.7,0,0,0,6,0,0,0,0,0,8.5,23.4,0,0,0
Versalles,2003,0,0,0,0,0,0,0,115.7,0,68,0,1,0,0,2.7,,0,0,4.8,0
Vijes,2003,6.1,0,10.4,0,0,15,0,0,0,36.8,7,0,0,0,0,0,79.2,0,0,0
Yotoco,2003,156.3,0,14.2,0,0,7,0,1.7,1,7.5,0,0,0,0,0,5.7,4.3,6.4,0,0
Yumbo,2003,21.5,0,17.1,0,0,57,0,0,16.5,9,15,0.8,0,0,4,0,14.2,0,2.3,2.3
Zarzal,2003,0,0,0,0,0,172.3,0,0,8,0,0,0,0,0,0,0,0,0,0,4.8
Cali,2002,15,0,0,0,0,100,0,0,0,10,0,0,0,0,10,0,0,0,12,0
Alcalà,2002,18.5,0,0,0,0,334.4,0,0,0,7,0,0,0,0,0,0,2,0,0,0
Andalucia,2002,6.4,0,50,0,0,310.3,0,0,5.5,0,0,5.3,0,0,0,1.5,0,0,0,1
Ansermanuevo,2002,14,0,42.5,0,0,18,0,33.6,13,0,5,0,0,0,16,4,0,0,2.2,0
Argelia,2002,0,0,0,0,0,1.5,0,25.6,0,101,0,0,0,0,6,0,0,0,1.7,0
Bolivar,2002,4,0,37,0,0,14.8,0,245,5,90,0,50,45,56,25,58,37,33,33,51.4
Buenaventura,2002,0,365.5,133,817.5,3467.5,0,332.5,0,0,0,0,0,0,0,0,0,0,0,0,0
Buga,2002,6,0,92,0,0,47,0,13,35,35,18,10,0,0,59,15,75,3,189,1
Bugalagrande,2002,27.3,0,685,0,0,410,0,5,50,23,0,8.5,0,0,0,8.6,0,0,0,0
Caicedonia,2002,277,0,98,0,0,936,0,0,0,0,0,0,0,0,0,0,0,0,0,0
Candelaria,2002,1.5,0,0,0,0,9.1,0,0,3,0,0,0,0,0,0,0,0,0,0,0
Cartago,2002,0,0,25,0,0,67,0,0,1.5,0,0,4.7,0,0,0,0,0,0,0,0
Dagua,2002,15,0,100,12.5,25,62,0,0,0,56.5,0,11.5,0,0,0,0,404,7,10,0
Darièn,2002,199,0,0,0,0,24,0,7,0,20,0,0,0,0,32,0,0,6.5,0,0
El Aguila,2002,31,0,7,0,0,10,0,17,0,12,0,0,0,0,48,0,0,0,17.8,0
El Cairo,2002,0,0,38,0,0,0,0,20.6,0,20.4,0,0,0,0,11.8,0.8,0,2.6,6.5,0
El Cerrito,2002,0,0,11,0,0,14,0,0,0,0,0,0,0,0,0,0,0,0,0,199
El Dovio,2002,0,0,80,0,0,4.5,0,30,0,75,0,14,0,0,8,1,1,0,6,0
Florida,2002,9,0,145,0,0,94,0,0,16,27,22,0,0,0,43,5,23,0,10,0
Ginebra,2002,0,0,121,0,0,20,0,8,0,21,0,8,0,0,77,0,0,0,28.5,290
Guacarì,2002,38,0,272,0,0,57,0,0,16,38,0,23,0,0,62,7,8.5,0,6,143
Jamundì,2002,7,0,11,0,0,295,0,0,8,14,0,0,0,0,69.5,0,23,0,2,0
La Cumbre,2002,2.5,0,25,0,0,4.7,0,0,0,12.4,0,1.2,0,0,9.7,0,35.9,14.8,0,0
La Uniòn,2002,0,0,15.7,0,0,23.2,0,26.8,11.5,3.9,10,367.1,186.3,114.5,0,36.1,0,7.6,6.4,394.3
La Victoria,2002,,0,201,0,10,57,0,0,0,0,0,15,0,0,0,0,0,0,0,2
Obando,2002,4,0,325,0,0,65,0,0,0,0,14.7,0,0,0,0,0,0,0,0,0
Palmira,2002,16,0,69,0,0,63,0,0,1,6,0,1,0,0,7,0,19,0,20,6
Pradera,2002,4,0,51,0,0,31,0,0,34,15,0,0,0,0,17,0,0,0,12,0
Restrepo,2002,57,0,64,0,0,16.2,0,0,0,84,0,0,0,0,0,,306.3,15.5,4,0
Riofrìo,2002,27.5,0,383.5,0,0,61.8,0,15.5,2,50,0,0,0,0,15.5,18,0,3,0,2.6
Roldanillo,2002,10.2,0,52,0,0,72.2,0,74.2,0,7.6,3,266.8,40,67,7.2,41.4,0,0,10.8,48
San Pedro,2002,11,0,69,0,0,23,0,0,1,11,4,3.5,0,0,6,1,0,0,3,0
Sevilla,2002,0,0,497.8,0,0,363,0,0,0,45,0,0,0,0,0,0,0,0,0,0
Toro,2002,6,0,35,0,0,45.8,0,128,137.6,32,0,152,62,60,0,74,0,0,8,208
Trujillo,2002,7,0,115,0,0,15,0,120,0,60,0,0,9,9,308,0,0,12,8,0
Tuluà,2002,2,0,538,0,0,120,0,4,15,67,6,22,0,0,200,0,0,0,23,10.5
Ulloa,2002,42.5,0,8,0,0,170.6,0,0,0,6,0,0,0,0,0,5.9,16.5,0,0,0
Versalles,2002,0,0,0,0,0,0,0,116,0,58,0,3,0,0,2.2,,0,0,4.5,0
Vijes,2002,6,0,11,0,0,15,0,0,0,36.8,7,0,0,0,0,0,55.8,0,0,0
Yotoco,2002,153,0,15,0,0,7,0,2,1,7.5,0,0,0,0,0,4,3,5,0,0
Yumbo,2002,21,0,18.1,0,0,57,0,0,16.5,9,15,0.8,0,0,3.8,0,10,0,2.2,2.3
Zarzal,2002,0,0,0,0,0,172.3,0,0,8,0,0,0,0,0,0,0,0,0,0,4.6
Cali,2001,70,0,0,0,0,525,0,0,0,60,0,0,0,0,39,0,0,0,42,0
Andalucia,2001,39,0,325,0,0,4279,0,0,61,0,0,58,0,0,0,100,0,0,0,6
Ansermanuevo,2001,100,0,340,0,0,324,0,39,90,0,10,0,0,0,24,45,0,0,4,0
Argelia,2001,0,0,0,0,0,12,0,0,0,176,0,0,0,0,8,0,0,0,17,0
Bolivar,2001,28,0,348,0,0,203,0,3780,50,310,0,261,42,42,125,297,1920,45,119,635
Buenaventura,2001,0,1270,1215,2420,9381,0,2280,0,0,0,0,0,0,0,0,0,0,0,0,0
Buga,2001,50,0,730,0,0,564,0,40,400,100,108,75,0,0,275,260,3135,36,2907,4
Bugalagrande,2001,241,0,6993,0,0,11284,0,15,550,120,0,91,0,0,0,133,0,0,0,0
Caicedonia,2001,3288,0,1764,0,0,27255,0,0,0,0,0,0,0,0,0,0,0,0,0,0
Candelaria,2001,0,0,0,0,0,91,0,0,9,0,0,0,0,0,0,0,0,0,0,0
Cartago,2001,0,0,350,0,0,1950,0,0,23,0,0,47,0,0,0,0,0,0,0,0
Dagua,2001,120,0,1155,115,250,899,0,0,0,436,0,218,0,0,0,0,18834,35,64,0
Darièn,2001,2805,0,0,0,0,144,0,49,0,53,0,0,0,0,140,0,0,15,0,0
El Aguila,2001,217,0,70,0,0,200,0,48,0,28,0,0,0,0,222,0,0,0,35,0
El Cairo,2001,0,0,456,0,0,0,0,38,0,29,0,0,0,0,18,5,0,0,39,0
El Cerrito,2001,0,0,90,0,0,80,0,0,0,0,0,0,0,0,0,0,0,0,0,2534
El Dovio,2001,0,0,640,0,0,126,0,280,0,540,0,96,0,0,3,0,120,0,43,0
Florida,2001,55,0,1050,0,0,1820,0,0,77,151,240,0,0,0,174,12,980,0,88,0
Ginebra,2001,0,0,501,0,0,170,0,5,0,90,0,130,0,0,224,0,0,0,225,6600
Guacarì,2001,234,0,795,0,0,800,0,0,128,21,0,78,0,0,43,10,510,0,14,560
Jamundì,2001,56,0,85,0,0,5094,0,0,48,48,0,0,0,0,151,0,63,0,6,0
La Cumbre,2001,29,0,144,0,0,35,0,0,0,44,0,13,0,0,4,0,2760,66,0,0
La Uniòn,2001,0,0,89,0,0,255,0,224,69,32,120,2824,35,30,0,645,0,25,108,3785
La Victoria,2001,0,0,1346,0,88,871,0,0,0,0,0,195,0,0,0,0,0,0,0,27
Obando,2001,56,0,4480,0,0,1080,0,0,72,0,176,0,0,0,0,0,0,0,0,0
Palmira,2001,63,0,826,0,0,1044,0,0,8,16,0,0,0,0,0,0,2100,0,216,34
Pradera,2001,32,0,357,0,0,403,0,0,187,53,0,0,0,0,85,0,0,0,72,0
Restrepo,2001,408,0,549,0,0,194,0,0,0,217,0,0,0,0,0,0,8400,50,18,0
Riofrìo,2001,234,0,3619,0,0,1035,0,95,22,180,0,0,0,0,20,102,0,0,0,20
Roldanillo,2001,61,0,492,0,0,1412,0,903,0,16,33,5136,20,20,6,304,0,0,140,728
San Pedro,2001,99,0,483,0,0,280,0,0,0,32,60,63,0,0,77,14,0,0,21,0
Sevilla,2001,0,0,6080,0,0,10440,0,0,0,0,0,0,0,0,0,0,0,0,0,0
Toro,2001,54,0,245,0,0,451,0,1100,560,125,0,3562,40,40,0,582,0,0,64,2400
Trujillo,2001,56,0,2128,0,0,165,0,1800,0,480,0,0,40,30,1080,0,0,40,53,0
Tuluà,2001,16,0,4635,0,0,1116,0,24,162,143,42,220,0,0,603,0,0,0,70,147
Ulloa,2001,427,0,54,0,0,6734,0,0,0,0,0,0,0,0,0,83,260,0,0,0
Versalles,2001,0,0,0,0,0,0,0,600,0,270,0,9,0,0,4,0,0,0,36,0
Vijes,2001,24,0,63,0,0,210,0,0,0,184,56,0,0,0,0,0,2700,0,0,0
Yotoco,2001,918,0,105,0,0,56,0,20,32,18,0,0,0,0,0,140,180,23,0,0
Yumbo,2001,187,0,150,0,0,525,0,0,84,48,100,13,0,0,15,0,358,0,8,30
Zarzal,2001,0,0,0,0,0,2195,0,0,9,0,0,0,0,35,0,0,0,0,0,112
Cali,2000,10,,,,,75,,,,10,,,,,10,,,,6,
Alcalà,2000,10,,,,,405.4,,,,,,,,,,,28.2,,,
Andalucia,2000,4,,50,,,281,,,5.5,,,5.5,,,,3,,,,1
Ansermanuevo,2000,14,,52,,,18,,,13,,5,,,,14,4,,,1.7,
Argelia,2000,,,,,,1.5,,,,63,,,,,2,,,,1,
Bolivar,2000,4,,29,,,11.3,,340,5,75,,31,27,30,25,20,36,9,17,56.3
Buenaventura,2000,,357.5,121,813.5,3463.5,,330.5,,,,,,,,,,,,,
Buga,2000,8,,73,,,53,,4,60,25,18,7.5,,,55,21,33,6,161.5,1
Bugalagrande,2000,26,,650,,,404,,2.5,50,20,,8,,,,9,,,,
Caicedonia,2000,277,,153,,,934.5,,,,,,,,,,,,,,
Candelaria,2000,,,,,,19.1,,,,,,,,,,,,,,
Cartago,2000,,,25,,,65,,1.2,1.5,,,,,,,,,,,
Dagua,2000,15,,77,12,29,79,,,,80,,16.5,,,,,309.5,,9,
Darièn,2000,197,,,,,34,,,,20,,,,,23.5,,,4.5,,
El Aguila,2000,32,,7,,,12,,8.5,,4.5,,,,,39,,,,13,
El Cairo,2000,,,38,,,,,6.6,,22.4,,,,,7.9,0.5,,,3.9,
El Cerrito,2000,,,15,,,8,,,,,,,,,,,,,,183
El Dovio,2000,,,80,,,4.5,,28,,70,,12,,,4,,2,,4,
Florida,2000,5,,105,,,96,,,11,21,16,5,,,40,2,14,,8,
Ginebra,2000,,,101,,,18,,4,,20,,8,,,89,,,,54,250
Guacarì,2000,39,,180,,,45,,,16,18,,8,,,35,2,10.5,,8,91
Jamundì,2000,7,,11,,,283,,,5,12,,,,,79,,21,,,
La Cumbre,2000,,,32,,,10,,,,36.5,,1,,,8,1.5,51.5,12,,
La Uniòn,2000,,,9,,,13,,31.8,7,,10,250.3,51.9,59.6,,69.2,,,14.8,361.4
La Victoria,2000,,,207,,10,67,,,,,,30,4,4,,,,,,3
Obando,2000,4,,341,,,65,,,6,,15,,,,,,,,,
Palmira,2000,9,,80,,,63,,,1,4,,,,,,,64,,12,4
Pradera,2000,4,,51,,,31,,,34,15,,,,,17,,,,12,
Restrepo,2000,62,,63,,,17,,,,278,,,,,,0,306.3,7.8,10.4,
Riofrìo,2000,25,,352,,,59,,10,2,60,,,,,12.5,12,,,,2.6
Roldanillo,2000,8.7,,41,,,71.2,,80.2,,7.5,6.5,281.5,35.3,36,6.1,30.4,,,18.8,82.4
San Pedro,2000,11,,74,,,25,,0,1,14,4,7.5,,,14,4,7,,6,
Sevilla,2000,,,861,,,348,,,,,,,,,,,,,,
Toro,2000,6,,35,,,29,,114,118.6,25,,152,28,26,,70,,,12,200
Trujillo,2000,7,,120,,,13,,120,,40,,,,,300,,,5,3.5,
Tuluà,2000,2,,530,,,108,,,18,64.6,6,24,,,171,,,,26,10.5
Ulloa,2000,36.5,,8,,,178.7,,,,,,,,,,4.9,14.5,,,
Versalles,2000,,,,,,,,81,,60,,,,,,,,,,
Vijes,2000,6,,11,,,15,,,3,,7,,,,,,45,,,
Yotoco,2000,160,,30,,,40,,2,5,4,0,0,,,,,4,5,,
Yumbo,2000,20,,16.1,,,57,,,16.5,8,10,0.6,,,4.8,,8,,1.2,1.5
Zarzal,2000,,,,,,159.3,,,8,,,,,,,,,,,4
TOTAL,2019,7937.5,408,6219.2,776,2692,6516.6,322,282,409.3,1158.5,251.8,738.5,89.3,67.8,598.8,970.3,2678.2,124.1,179.9,1895.2
Cali,2019,12,0,0,0,0,49,0,0,3,0,5,0,0,0,10,0,0,0,6,0
Alcalá,2019,141.9,0,100.2,0,0,198.3,0,0,13,8,0,5,0,0,0,6,47.8,0,0,0
Andalucia,2019,57,0,35,0,0,260,0,0,0,0,0,30,0,0,0,30,0,0,0,0
Ansermanuevo,2019,257,0,54.3,0,0,18,0,92.8,34,3.8,12,0,0,0,1.5,0,1.5,10.5,0,0
Argelia,2019,282,0,179,0,0,5,0,0,0,10.5,0,0,0,0,0,0,0,0,0,0
Bolivar,2019,2219,0,287,0,6,73,0,19,14,305,4,52,25,27,15,62,4,13,29,39
Buenaventura,2019,0,399,115,776,2658,0,322,0,0,0,0,0,0,0,0,0,13,0,0,0
Buga,2019,2,0,126,0,0,8,0,11,0,7,1,0,0,0,12,0,35,0,3,2
Bugalagrande,2019,158,0,0,0,0,563,0,8,45,0,0,17,0,0,0,0,0,8,0,0
Caicedonia,2019,350,0,409,0,0,1950,0,0,80,0,0,0,0,0,0,0,10,0,0,0
Calima Darién,2019,79.5,0,2.5,0,0,12,0,3,0,136,0,0,0,0,12,0,0,0,0,0
Candelaria,2019,0,0,0,0,0,26.2,0,0,0,0,0,13,0,0,0,0,0,0,0,0
Cartago,2019,21.2,0,35,0,0,210.2,0,0,15,0,0,0,0,0,0,0,0,0,0,0
Dagua,2019,200,0,135,0,28,214,0,0,35,133,0,103,0,0,0,0,1333,21,0,0
El Aguila,2019,38,0,20,0,0,7,0,24,0,17,0,5,0,0,6,0,0,5,8,0
El Cairo,2019,624.3,0,17,0,0,11.4,0,0,0,6.2,0,2,0,0,0,0,0,0,0,0
El Cerrito,2019,48,0,18,0,0,24,0,0,0,0,0,40,0,0,2,0,0,0,5.5,264
El Dovio,2019,124,0,45,0,0,0,0,22.5,0,70.8,0,55,0,0,0,0,0,6,0,0
Florida,2019,11,0,138,0,0,111,0,21,5,0,6.5,8,0,0,67,11,95.5,1,4.5,0
Ginebra,2019,0,0,167,0,0,0,0,11,0,4,0,6,0,0,92,8,0,0,0,146
Guacarì,2019,58,0,239,0,0,74,0,0,29,43,0,88,0,0,41,462,0,0,44,228
Jamundì,2019,5.5,0,5.5,0,0,443,0,0,4,4,19,18.5,0,0,3,2.5,36,0,1,0
La Cumbre,2019,0,0,67.7,0,0,0,0,10.2,0,19.4,0,0,0,0,0,6.1,168.9,0,0,0
La Uniòn,2019,47.6,0,39,0,0,44,0,0,7.3,7.8,31,23.3,21,2,0,71.4,5.2,5.9,0,609.5
La Victoria,2019,12,0,27,0,0,130,0,0,4,0,41,22,0,0,0,2,0,0,0,6
Obando,2019,44,0,468,0,0,22,0,0,16,0,20,0,0,0,0,8,0,0,0,0
Palmira,2019,184,0,112,0,0,77,0,8,0,7.5,0,13.8,0,0,1.1,0,0,0,2.4,2
Pradera,2019,44,0,30,0,0,25,0,0,30,0,0,0,0,0,27,0,20,0,5,0
Restrepo,2019,72.2,9,75,0,0,19,0,2,0,115,0,15,0,0,2,0,470,10,1,0
Riofrìo,2019,70,0,552,0,0,47,0,0,5,38,9,12,0,0,0,0,16,7,0,0
Roldanillo,2019,241,0,104,0,0,34,0,6,15.3,12,0,54.3,15.3,10.8,5,55.3,0,9,0,92.7
San Pedro,2019,29,0,71,0,0,115,0,16,22,29.5,7,38,0,0,36,55,0,0,32.5,0
Sevilla,2019,864,0,1100,0,0,1308,0,0,0,0,0,0,0,0,40,0,0,0,0,0
Toro,2019,80,0,5,0,0,6,0,4,12,10,0,15,28,28,0,41,11,0,0,300
Trujillo,2019,215.5,0,637.5,0,0,27,0,0,3.5,13,11,12,0,0,47.8,15.5,0,19.2,0,5.5
Tuluà,2019,42,0,536,0,0,51,0,13,0,112,0,9,0,0,121.5,28,0,0,38,0
Ulloa,2019,109,0,123.8,0,0,107.6,0,0,0,6,0,7.6,0,0,0,6.9,21.3,0,0,0
Versalles,2019,1100,0,91,0,0,0,0,8.3,0,35,0,7,0,0,55.6,0,0,4.5,0,0
Vijes,2019,35,0,38,0,0,48,0,0,0,0,15,41,0,0,0,46,361,0,0,0
Yotoco,2019,35,0,0,0,0,39.6,0,0,0,5,20,7,0,0,0,10,26,3,0,20.5
Yumbo,2019,24.8,0,14.6,0,0,69.5,0,2.2,7.4,0,35,3,0,0,1.3,22.6,3,1,0,173
Zarzal,2019,0,0,0,0,0,89.8,0,0,9.8,0,15.3,16,0,0,0,21,0,0,0,7
