fecha,fuente,muestra,trump_republicano,harris_democrata
2024-11-03,Patriot Polling,818,50,49
2024-11-02,AtlasIntel,1174,50,48
2024-11-02,ActiVote,400,51,49
2024-10-31,AtlasIntel,1212,50,48
2024-10-31,YouGov,984,50,48
2024-10-29,AtlasIntel,1429,51,48
2024-10-28,Rasmussen Reports,910,51,46
2024-10-27,SoCal Strategies,658,50,49
2024-10-26,Trafalgar Group,1087,48,46
2024-10-25,YouGov,2663,51,46
2024-10-24,National Public Affairs,829,49,47
2024-10-22,Marist College,1356,48,49
2024-10-20,Morning Consult,855,50,48
2024-10-17,AtlasIntel,1411,50,48
2024-10-17,ActiVote,400,51,49
2024-10-16,TIPP Insights,813,49,48
2024-10-15,Insider Advantage,800,49,47
2024-10-15,Morning Consult,1002,49,48
2024-10-15,Washington Post,730,46,51
2024-10-14,Quinnipiac University,1328,52,46
2024-10-10,RMG Research,731,50,47
2024-10-09,"Fabrizio, Lee & Associates",800,50,45
2024-10-08,Trafalgar Group,1089,46,45
2024-10-08,Emerson College,1000,49,48
2024-10-08,Wall Street Journal,600,46,48
2024-10-02,OnMessage,500,47,44
2024-09-30,Insider Advantage,800,48,48
2024-09-29,Quinnipiac University,942,50,45
2024-09-25,AtlasIntel,1200,50,49
2024-09-25,Morning Consult,913,49,49
2024-09-24,CBS News,1441,51,49
2024-09-24,Fox News,1006,48,51
2024-09-24,Marist College,1220,50,49
2024-09-23,The Bullfinch Group,600,47,49
2024-09-22,Rasmussen Reports,1152,51,47
2024-09-21,New York Times,682,49,45
2024-09-18,Emerson College,975,50,48
2024-09-18,TIPP Insights,835,48,48
2024-09-18,Morning Consult,1347,49,48
2024-09-13,Trafalgar Group,1098,46,45
2024-09-10,ActiVote,400,50,50
2024-09-08,Quinnipiac University,969,49,46
2024-09-06,Mainstreet Research,647,47,44
2024-09-03,Patriot Polling,814,49,48
