fecha,fuente,muestra,trump_republicano,harris_democrata
2024-11-03,Zogby,1005,46,49
2024-11-03,Research Co.,1003,46,48
2024-11-03,Patriot Polling,1115,48,49
2024-11-02,Marist College,1297,47,51
2024-11-02,AtlasIntel,2463,50,48
2024-11-02,TIPP Insights,NA,49,48
2024-11-02,Hart Research Associates,1000,49,49
2024-11-02,Emerson College,1000,49,49
2024-11-02,ActiVote,1000,50.5,49.5
2024-11-01,ABC News,2267,46,49
2024-10-31,Kaplan Strategies,671,48,47
2024-10-31,Morning Consult,8918,47,49
2024-10-31,SoCal Strategies,984,50,49
2024-10-31,AtlasIntel,3490,50,48
2024-10-31,TIPP Insights,1249,49,48
2024-10-31,Echelon Insights,1328,48,50
2024-10-30,OnMessage,800,47,45
2024-10-30,Quantus Insights,1832,49,48
2024-10-30,American Pulse Research,822,47,49
2024-10-29,Forbes/HarrisX,3718,49,51
2024-10-29,RABA Research,781,44,48
2024-10-29,AtlasIntel,3032,50,48
2024-10-29,TIPP Insights,1302,47,48
2024-10-28,Rasmussen Reports,2369,48,46
2024-10-27,Morning Consult,8807,47,50
2024-10-25,CBS News,2161,49,50
2024-10-25,TIPP,1333,48,48
2024-10-24,Emerson College,1000,49,49
2024-10-24,Rasmussen Reports,2745,47,48
2024-10-24,TIPP,1357,47,49
2024-10-23,Big Village,1592,45,52
2024-10-23,Clarity Campaign Labs,1314,46,50
2024-10-23,New York Times,2516,48,48
2024-10-23,CNN,1704,47,47
2024-10-22,ABC News,1913,47,51
2024-10-22,Forbes,1244,51,49
2024-10-22,YouGov,1293,46,49
2024-10-22,TIPP,1294,47,49
2024-10-22,The Economist,1500,46,49
2024-10-22,Walt Street Journal,1855,49,46
2024-10-21,Redfield & Wilton Strategies,1161,47,45
2024-10-21,TIPP,1268,48,48
2024-10-21,Reuters,3307,45,48
2024-10-20,Morning Consult,8570,46,50
2024-10-20,TIPP,1244,48,47
2024-10-18,TIPP,1254,48,46
2024-10-18,Suffolk University,1000,49,50
2024-10-17,AtlasIntel,4180,51,48
2024-10-17,ActiVote,1000,51,49
2024-10-16,Emerson Collage,1000,48,49
2024-10-16,Rasmussen Reports,2108,48,48
2024-10-15,TIPP,1248,46,50
2024-10-15,YouGov,1230,45,49
2024-10-15,Rasmussen Reports,2049,48,47
2024-10-14,Fox News,1110,50,48
2024-10-13,Morning Consult,8647,46,50
2024-10-13,HarrisX,3145,49,51
2024-10-11,HarrisX,2010,49,51
2024-10-11,CBS News,2712,48,51
2024-10-10,RMG Research,2995,47,50
2024-10-08,Co/efficient,2180,46,49
2024-10-08,ABC News,1714,48,50
2024-10-08,NBC News,1000,48,48
2024-10-08,ActiVote,1000,51,49
2024-10-07,YouGov,1230,45,49
2024-10-07,Ipsos,1076,43,46
2024-10-06,Morning Consult,11353,46,51
2024-10-06,Research Co.,1001,45,49
2024-10-06,The New York Times,3385,46,49
2024-10-04,Big Village,755,46,50
2024-10-04,I&I/TIPP,997,46,49
2024-10-04,Yahoo News,1714,46,48
2024-10-03,Data for Progress,1211,46,49
2024-10-03,RMG Research,2965,49,49
2024-10-02,Rasmussen Reports,1762,49,47
2024-10-01,YouGov,1261,46,49
2024-10-01,Emerson College,1000,48,50
2024-10-01,Marist College,1294,48,50
2024-09-29,Morning Consult,11381,46,51
2024-09-26,Outward Intelligence,1735,47,53
2024-09-25,Rasmussen Reports,1820,48,46
2024-09-25,Echelon Insights,1005,45,52
2024-09-25,Big Village,1524,46,50
2024-09-24,ActiVote,1000,49,51
2024-09-22,Morning Consult,11057,45,50
2024-09-22,Ipsos,785,44,50
2024-09-22,Quinnipiac University,1728,48,48
2024-09-22,CNN/SSRS,2074,47,48
2024-09-20,YouGov,3129,48,52
2024-09-19,Morning Consult,10528,46,50
2024-09-19,RMG Research,2969,48,50
2024-09-19,Outward Intelligence,1880,47,53
2024-09-18,Rasmussen Reports,1855,49,47
2024-09-17,Activote,1000,47,53
2024-09-17,YouGov,1445,45,49
2024-09-16,Angus Reid,1707,45,49
2024-09-15,Morning Consult,11022,45,51
2024-09-15,Big Village,1568,43,51
2024-09-13,ABC News,2196,46,52
2024-09-13,Data for Progress,1283,46,50
2024-09-13,Yahoo News,1705,45,49
2024-09-13,Forbes/HarrisX,3018,48,52
2024-09-13,TIPP Insights,1721,43,47
2024-09-12,Atlas Intel,1775,51,48
2024-09-12,Ipsos,1405,42,47
2024-09-12,RMG Research,2756,47,51
2024-09-11,Morning Consult,3317,45,50
2024-09-11,SoCal Strategies,719,45,48
2024-09-11,Leger,1174,47,50
2024-09-11,Rasmussen Reports,2390,49,47
2024-09-10,Morning Consult,3204,46,50
2024-09-09,ActiVote,1000,49,51
2024-09-08,Big Village,1546,45,49
2024-09-08,Morning Consult,10608,46,49
2024-09-06,The New York Times,1695,48,47
2024-09-05,RMG Research,2701,48,50
2024-09-05,Outward Intelligence,1890,48,52
2024-09-04,Rasmussen Reports,1893,47,46
2024-09-04,Emerson College,1000,47,49
2024-09-04,Morning Consult,11414,46,49
2024-09-03,Big Data Poll,3047,50,50
2024-09-02,ActiVote,1000,49,51
2024-08-30,TIPP Insights,1386,45,48
2024-08-29,Outward Intelligence,2191,47,53
2024-08-28,RMG Research,2191,48,51
2024-08-28,Rasmussen Reports,1879,48,46
2024-08-28,Clarity Campaign Labs,1238,45,51
2024-08-28,USA TODAY,1000,43,48
2024-08-27,Quantus Polls and News,1094,47,49
2024-08-27,YouGov,1197,46,47
2024-08-25,Leger,863,46,50
2024-08-25,Morning Consult,7818,44,48
2024-08-25,Echelon Insights,1031,49,48
2024-08-24,Kaplan Strategies,1257,46,50
2024-08-23,Angus Reid Global,1758,42,47
2024-08-23,PoSSUM,945,47,46
2024-08-23,Activote,1000,47,53
2024-08-22,Outward Intelligence,1867,48,52
2024-08-21,Rasmussen Reports,1893,49,46
2024-08-18,Morning Consult,11501,44,48
2024-08-16,CBS News,3258,48,51
2024-08-15,Outward Intelligence,1858,47,53
2024-08-14,Rasmussen Reports,1885,49,45
2024-08-14,Emerson College,1000,46,50
2024-08-14,Activote,1000,48,52
2024-08-13,ABC/Washington Post,1901,45,49
2024-08-12,FOX News,1105,50,49
2024-08-11,Morning Consult,11778,44,47
2024-08-07,Rasmussen Reports,1794,49,44
2024-08-07,Ipsos,1342,47,49
2024-08-06,ActiVote,1000,50,50
2024-08-04,CNBC,1001,48,46
2024-08-04,SurveyUSA,1501,45,48
2024-08-04,NPR/PBS,1513,48,51
2024-08-04,Morning Consult,11265,44,48
2024-08-02,CBS News,3102,49,50
2024-08-02,I&I/TIPP,1326,45,46
2024-08-01,Marquette,879,48,52
2024-07-31,Rasmussen Reports,2163,49,44
2024-07-30,Daily Kos/Civiqs,1123,45,49
2024-07-28,Leger,776,46,49
2024-07-28,Harvard-Harris,2196,52,48
2024-07-28,Reuters/Ipsos,879,42,43
2024-07-28,Morning Consult,11538,46,47
2024-07-27,FAU/Mainstreet Research,952,46,48
2024-07-25,Wall Street Journal,1000,49,47
2024-07-25,Forbes/HarrisX,3013,51,49
2024-07-25,Angus Reid Global,1743,42,44
2024-07-24,NY Times/Siena,1142,48,47
2024-07-24,CNBC,2137,43,44
2024-07-24,Rasmussen Reports,1074,50,43
2024-07-23,CNN,1631,49,46
2024-07-23,Morning Consult,11297,45,46
2024-07-23,Reuters,1018,42,44
2024-07-22,NPR/PBS,1117,46,45
2024-07-22,Morning Consult,4001,47,45
2024-07-22,Yahoo News,1178,46,46
2024-07-21,Quinnipiac,1257,49,47
2024-07-21,Forbes/HarrisX,2753,53,47
2024-07-18,CBS News,2247,51,48
2024-07-16,Reuters/Ipsos,992,44,44
2024-07-15,Morning Consult,2045,46,45
2024-07-15,Forbes/HarrisX,1918,52,48
2024-07-10,NPR/PBS/Marist,1174,49,50
2024-07-10,FOX News,1210,49,48
2024-07-09,NBC News,800,47,45
2024-07-09,ABC News/Wash Post,2041,47,49
2024-07-08,Emerson,1370,49,45
2024-07-02,Reuters/Ipsos,892,43,42
2024-07-01,Yahoo News,1171,47,45
2024-06-30,CNN,1045,47,45
2024-06-30,Forbes/HarrisX,1500,53,47
2024-06-28,Data for Progress,1011,48,45
