fecha,fuente,muestra,trump_republicano,harris_democrata
2024-10-27,ActiVote,400,37,63
2024-10-14,Emerson College,1000,35,59
2024-10-10,ActiVote,400,36,63
2024-09-21,ActiVote,400,36,64
2024-09-05,Emerson College,815,36,60
2024-08-19,ActiVote,400,35,65
2024-08-11,UC Berkeley IGS,3765,34,59
2024-06-02,Public Policy Institute of California,1098,31,55
2024-04-23,The Bullfinch Group,250,28,48
2024-03-25,Public Policy Institute of California,1084,31,54
2024-03-03,Florida Atlantic University,692,37,56
2024-03-03,Florida Atlantic University,740,36,54
2024-02-27,Emerson College,1000,32,51
2024-02-26,UC Berkeley IGS,6536,28,40
2024-02-18,Emerson College,1000,31,49
2024-02-14,Public Policy Institute of California,1075,32,55
2024-01-14,Emerson College,1087,34,54
2024-01-04,UC Berkeley IGS,4471,37,56
