fecha,fuente,muestra,trump_republicano,harris_democrata
2024-06-20,P2 Insights,650,40,37
2024-06-18,Emerson College,1000,42,39
2024-06-18,"Fabrizio, Lee & Associates",600,44,37
2024-06-03,Beacon Research,1069,50,45
2024-05-25,The Tyson Group,601,47,44
2024-05-21,Florida Atlantic University,494,51,43
2024-05-21,Florida Atlantic University,522,50,42
2024-05-13,Morning Consult,459,44,39
2024-05-13,BSG/GS,402,49,40
2024-05-09,The New York Times,614,51,38
2024-05-09,The New York Times,614,44,30
2024-04-29,Emerson College,1000,42,37
2024-04-14,Morning Consult,450,48,37
2024-03-24,"Fabrizio, Lee & Associates",600,48,44
2024-03-19,Echelon Insights,400,51,44
2024-03-15,Emerson College,1000,51,48
2024-03-15,Morning Consult,447,46,44
2024-03-15,Morning Consult,447,42,36
2024-03-05,Noble Predictive Insights,829,40,33
2024-03-05,Noble Predictive Insights,829,45,40
2024-02-19,Emerson College,1000,46,40
2024-02-18,Morning Consult,445,48,42
2024-02-18,Morning Consult,445,44,37
2024-01-23,Focaldata,NA,51,49
2024-01-23,Focaldata,704,43,40
2024-01-21,Morning Consult,457,48,40
2024-01-08,Emerson College,1294,42,39
2024-01-08,Emerson College,1294,47,45
