fecha,fuente,muestra,trump_republicano,harris_democrata
2024-06-26,EPIC-MRA,600,49,45
2024-06-20,P2 Insights,650,43,40
2024-06-18,Emerson College,1000,44,42
2024-06-18,Emerson College,1000,51,49
2024-06-03,Mitchell Research Communications,710,48,47
2024-05-31,Florida Atlantic University,636,46,47
2024-05-21,Mitchell Research & Communications,697,49,47
2024-05-13,BSG,606,47,45
2024-05-12,Morning Consult,704,47,44
2024-05-09,The New York Times,616,49,42
2024-04-29,Emerson College,1000,52,48
2024-04-25,YouGov,1262,49,51
2024-04-21,Kaplan Strategies,804,51,36
2024-04-16,Beacon Research,1126,49,46
2024-04-15,Morning Consult,708,45,47
2024-04-11,Marketing Resource Group,600,42,36
2024-03-30,Big Data Poll,1218,52,49
2024-03-28,Spry Strategies,709,48,44
2024-03-24,"Fabrizio, Lee & Associates",600,48,45
2024-03-19,Echelon Insights,400,51,45
2024-03-18,Emerson College,1000,43,41
2024-03-18,SSRS,1097,50,42
2024-03-17,Redfield & Wilton Strategies,616,41,39
2024-03-16,Mitchell Research,627,47,44
2024-03-12,Quinnipiac University,1487,41,36
2024-03-12,Morning Consult,698,45,45
2024-02-25,North Star Opinion,600,43,43
2024-02-24,Emerson College,1000,46,44
2024-02-23,Kaplan Strategies,1019,46,36
2024-02-18,EPIC-MRA,600,45,41
2024-02-18,Morning Consult,702,46,44
2024-02-12,Beacon/Shaw & Company,1106,42,37
2024-01-23,Focaldata,933,43,41
2024-01-21,Morning Consult,703,43,37
2024-01-10,Target Insyght,800,41,45
2024-01-06,Glengariff Group,600,47,39
2024-01-04,John Zogby Strategies,602,47,44
