fecha,fuente,muestra,trump_republicano,harris_democrata
2024-10-27,Mainstreet Research,913,53,44
2024-10-27,ActiVote,400,56,44
2024-10-25,St. Pete Polls,1227,50,45
2024-10-25,YouGov,5916,52,46
2024-10-22,Hunt Research,1234,50,45
2024-10-20,Emerson College,860,52,44
2024-10-20,Cherry Communications,614,51,45
2024-10-20,ActiVote,400,55,45
2024-10-18,University of North Florida,977,53,43
2024-10-17,RMG Research,788,52,45
2024-10-08,The Terrance Group,818,51,44
2024-10-07,Marist College,1410,51,47
2024-10-06,New York Times,622,55,41
2024-10-06,ActiVote,400,53,47
2024-10-04,Mason-Dixon,625,49,43
2024-09-27,RMG Research,774,50,47
2024-09-26,Public Policy Polling,800,50,46
2024-09-25,Victory Insights,600,47,45
2024-09-23,The Bullfinch Group,600,48,47
2024-09-18,Morning Consult,2948,50,47
2024-09-08,Morning Consult,3182,49,47
2024-09-05,Emerson College,815,50,45
2024-08-31,ActiVote,400,53,47
2024-08-26,Cherry Communications,600,52,45
2024-08-22,Public Policy Polling,837,51,47
2024-08-15,ActiVote,400,54,46
2024-08-11,Mainstreet Research,1055,49,46
2024-07-27,University of North Florida,774,49,42
2024-07-16,InsiderAdvantage,800,49,39
