fecha,fuente,muestra,trump_republicano,harris_democrata
2024-11-04,AtlasIntel,1840,50,49
2024-11-03,Trafalgar Group,1089,48,47
2024-11-03,Patriot Polling,903,50,49
2024-11-02,AtlasIntel,2049,50,48
2024-11-02,Emerson College,1000,50,49
2024-11-02,The New York Times,1527,47,47
2024-11-02,Mainstreet Research,798,46,48
2024-10-31,AtlasIntel,1738,49,48
2024-10-31,SoCal Strategies,850,48,50
2024-10-31,OnMessage Inc.,800,49,47
2024-10-30,Morning Call,460,47,49
2024-10-30,Marist College,1400,48,50
2024-10-30,Echelon Insights,600,52,46
2024-10-29,AtlasIntel,1299,50,47
2024-10-28,Rasmussen Reports,849,49,47
2024-10-28,Fox News,1057,50,49
2024-10-27,Redfield & Wilton Strategies,1116,48,48
2024-10-26,North Star Opinion Research,600,47,47
2024-10-25,YouGov,3685,49,50
2024-10-22,Emerson College,860,51,49
2024-10-20,Quantus Insights,840,50,48
2024-10-19,Trafalgar Group,1084,46,43
2024-10-17,AtlasIntel,2048,50,47
2024-10-15,Morning Consult,1395,48,49
2024-10-13,Rasmussen Reports,1072,50,47
2024-10-10,The New York Times,857,47,50
2024-10-10,American Pulse Research & Polling,1193,51,49
2024-10-09,TIPP Insights,803,49,48
2024-10-08,InsiderAdvantage,800,49,47
2024-10-08,Emerson College,1000,50,49
2024-10-07,Hunt Research,1037,48,47
2024-10-07,Quinnipiac University,1412,47,49
2024-10-02,YouGov,1000,45,47
2024-09-29,Patriot Polling,816,50,49
2024-09-29,Trafalgar Group,1090,48,45
2024-09-25,AtlasIntel,1775,51,48
2024-07-25,The Bullfinch Group,800,47,48
2024-07-24,Fox News,1034,49,49
2024-07-23,Emerson College,850,48,46
2024-07-23,Emerson College,850,51,49
2024-07-23,North Star Opinion Research,600,47,45
2024-07-21,SoCal Research,500,50,46
2024-07-16,Insider Advantage,800,47,40
2024-07-12,Public Policy Polling,537,51,45
2024-07-11,New York Times,872,48,46
2024-07-11,New York Times,872,48,47
2024-05-13,Bloomberg,812,50,43
2024-02-16,Emerson College,1000,49,40
