fecha,fuente,muestra,trump_republicano,harris_democrata
2024-10-29,AtlasIntel,1665,48,48
2024-10-27,Redfield & Wilton Strategies,770,48,46
2024-10-22,Redfield & Wilton Strategies,679,48,47
2024-10-20,Morning Consult,755,49,46
2024-10-18,Redfield & Wilton Strategies,843,48,45
2024-10-17,AtlasIntel,1674,49,50
2024-10-15,Cygnal,600,47,47
2024-10-14,Redfield & Wilton Strategies,620,48,46
2024-10-14,Quinnipiac University,1031,47,49
2024-10-02,Redfield & Wilton Strategies,753,47,45
2024-09-29,Quinnipiac University,953,49,47
2024-09-26,East Carolina University,1005,49,47
2024-09-25,CNN,931,48,48
2024-09-25,Cook Political Report,411,46,49
2024-09-24,Fox News,787,49,47
2024-09-21,New York Times,682,47,45
2024-09-19,Redfield & Wilton Strategies,868,48,47
2024-09-17,Impact Research,600,48,46
2024-09-09,Redfield & Wilton Strategies,495,44,45
2024-09-08,Quinnipiac University,940,46,49
2024-09-03,YouGov,1000,47,46
2024-08-28,East Carolina University,920,48,47
2024-08-28,Redfield & Wilton Strategies,1071,45,44
